Workbook

Sheet BRAND
A1: PRIORITY | B1: BRAND | C1: BRAND_WILDCARD | D1: PRIORITY_VLOOKUP | E1: LENGTH | F1: CATEGORY | G1: BUILD
A2: 1 | B2: EMPTY | D2: 1
A3: 2 | B3: ADRIAEN_BROUWER | C3: ADRIAEN_BROUWER | D3: 9 | E3: =LEN(B3) -> 15 | F3: BEER | G3: 1
A4: 2 | B4: TETE_DE_MORT | C4: TETE_DE_MORT;TE_DE_MORT | D4: 2 | E4: =LEN(B4) -> 12 | G4: 1
A5: 2 | B5: HOEGAARDEN | C5: HOEGAARDE;HOEGAERDE;HOEGAARDEN;HOEGAERDEN;HOEGAARDS;HOEGARDEN;HOEGHAARDEN;HOEGAARD;HOEGHARDEN;HOEGHAARDEN;HOOGARDEN | D5: 2 | E5: =LEN(B5) -> 10 | F5: BEER | G5: 1
A6: 2 | B6: KORENWOLF | C6: KORENWOLF | D6: 5 | E6: =LEN(B6) -> 9 | F6: BEER | G6: 0
A7: 3 | B7: MORELLINO_DI_SCANSANO_LE_PUPILLE | C7: MORELLINO_DI_SCANSANO_LE_PUPILLE | D7: 3 | E7: =LEN(B7) -> 32 | F7: BEER | G7: 1
A8: 3 | B8: CUVEE_PRESTIGE_DOMAIN_SKOURAS | C8: CUVEE_PRESTIGE_DOMAIN_SKOURAS | D8: 3 | E8: =LEN(B8) -> 29 | F8: BEER | G8: 1
A9: 3 | B9: CANNONAU_DI_SARDEGNA_RISERVA | C9: CANNONAU_DI_SARDEGNA_RISERVA | D9: 3 | E9: =LEN(B9) -> 28 | F9: BEER | G9: 1
A10: 3 | B10: LA_CORNE_DU_BOIS_DES_PENDUS | C10: LA_CORNE_DU_BOIS_DES_PENDUS | D10: 3 | E10: =LEN(B10) -> 27 | F10: BEER | G10: 1
A11: 3 | B11: HOPFENTHALER_ALKOHOLFREI | C11: HOPFENTHALER | D11: 3 | E11: =LEN(B11) -> 24 | F11: BEER | G11: 1
A12: 3 | B12: LES_SARDINES_MILLESIMEES | C12: LES_SARDINES_MILLESIMEES | D12: 3 | E12: =LEN(B12) -> 24 | F12: BEER | G12: 1
A13: 3 | B13: CHEVALIER_DES_TEMPLIERS | C13: CHEVALIER_DES_TEMPLIERS | D13: 3 | E13: =LEN(B13) -> 23 | F13: BEER | G13: 1
A14: 3 | B14: DOCHTER_VAN_DE_KORENAAR | C14: DOCHTER | D14: 3 | E14: =LEN(B14) -> 23 | F14: BEER | G14: 1
A15: 3 | B15: KISS_MY_NEIGHBOURS_WIFE | C15: KISS_MY_NEIGHBOURS_WIFE | D15: 3 | E15: =LEN(B15) -> 23 | F15: BEER | G15: 1
A16: 3 | B16: SANCTUS_DOMINICUS_PRIOR | C16: SANCTUS_DOMINICUS_PRIOR | D16: 3 | E16: =LEN(B16) -> 23 | F16: BEER | G16: 1
... A111: 3 | B111: FILIP_DE_STOUT | C111: FILIP_DE_STOUT | D111: 3 | E111: =LEN(B111) -> 14 | F111: BEER | G111: 1
A112: 3 | B112: GRAND_CRU_MONK | C112: GRAND_CRU_MONK | D112: 3 | E112: =LEN(B112) -> 14 | G112: 1
A113: 3 | B113: INSALATA_MISTA | C113: INSALATA_MISTA | D113: 3 | E113: =LEN(B113) -> 14 | F113: BEER | G113: 1
A114: 3 | B114: KRIEK_BELL_VUE | C114: KRIEK_BELL_VUE | D114: 3 | E114: =LEN(B114) -> 14 | F114: BEER | G114: 1
A115: 3 | B115: LA_VERMONTOISE | C115: LA_VERMONTOISE | D115: 3 | E115: =LEN(B115) -> 14 | F115: BEER | G115: 1
A116: 3 | B116: MOEDER_MADONNA | C116: MOEDER_MADONNA | D116: 3 | E116: =LEN(B116) -> 14 | F116: BEER | G116: 1
A117: 3 | B117: MOEDER_OVERSTE | C117: OVERSTE | D117: 3 | E117: =LEN(B117) -> 14 | F117: BEER | G117: 1
A118: 3 | B118: MONSTER_ENERGY | C118: MONSTER | D118: 3 | E118: =LEN(B118) -> 14 | F118: BEER | G118: 1
A119: 3 | B119: NONNETJES_BIER | C119: NONNETJES | D119: 3 | E119: =LEN(B119) -> 14 | F119: BEER | G119: 1
A120: 3 | B120: PEERDEVISSCHER | C120: PEERDEVISSCHER;PEERDEVISSER | D120: 3 | E120: =LEN(B120) -> 14 | F120: BEER | G120: 1
A121: 3 | B121: RED_BY_PEIRSUS | C121: RED_BY_PEIRSUS | D121: 3 | E121: =LEN(B121) -> 14 | F121: SOFT_DRINKS | G121: 1
A122: 3 | B122: SAN_PELLEGRINO | C122: SANPELLEGRINO;PELLEGRINO;PELEGRINO;PELLIGRINO;PELLEGRINO;SAN_PELLEGRINO;S.PELLIGRINO | D122: 3 | E122: =LEN(B122) -> 14 | F122: BEER | G122: 1
A123: 3 | B123: YUGEN_KOMBUCHA | C123: YUGEN | D123: 3 | E123: =LEN(B123) -> 14 | F123: BEER | G123: 1
A124: 3 | B124: ZONNEGEMSE_ZOT | C124: ZONNEGEMSE_ZOT;ZONNEGEMSE | D124: 3 | E124: =LEN(B124) -> 14 | F124: BEER | G124: 1
... A874: 3 | B874: WOESTE | C874: WOESTE | D874: 3 | E874: =LEN(B874) -> 6 | F874: BEER | G874: 1
A875: 3 | B875: WOLF_8 | C875: WOLF_8 | D875: 3 | E875: =LEN(B875) -> 6 | G875: 1
A876: 3 | B876: WOLF_7 | C876: WOLF_7 | D876: 3 | E876: =LEN(B876) -> 6 | F876: BEER | G876: 1
A877: 3 | B877: ZYWIEC | C877: ZYWIEC | D877: 3 | E877: =LEN(B877) -> 6 | F877: BEER | G877: 1
A878: 3 | B878: BARBE | C878: BARBE | D878: 3 | E878: =LEN(B878) -> 5 | F878: BEER | G878: 1
A879: 3 | B879: BRASA | C879: BRASA | D879: 3 | E879: =LEN(B879) -> 5 | F879: BEER | G879: 1
A880: 3 | B880: BRETT | C880: BRETT | D880: 3 | E880: =LEN(B880) -> 5 | F880: BEER | G880: 1
A881: 3 | B881: BRICE | C881: BRICE | D881: 3 | E881: =LEN(B881) -> 5 | F881: BEER | G881: 1
A882: 3 | B882: CESAR | C882: CESAR | D882: 3 | E882: =LEN(B882) -> 5 | F882: BEER | G882: 1
A883: 3 | B883: CH_TI | C883: CH_TI;CHTI | D883: 3 | E883: =LEN(B883) -> 5 | F883: BEER | G883: 1
A884: 3 | B884: CHANG | C884: CHANG | D884: 3 | E884: =LEN(B884) -> 5 | F884: BEER | G884: 1
A885: 3 | B885: CINEY | C885: CINEY | D885: 3 | E885: =LEN(B885) -> 5 | F885: BEER | G885: 1
A886: 3 | B886: COBRA | C886: COBRA | D886: 3 | E886: =LEN(B886) -> 5 | F886: BEER | G886: 1
A887: 3 | B887: COMET | C887: COMET | D887: 3 | E887: =LEN(B887) -> 5 | F887: BEER | G887: 1
... A982: 3 | B982: FLO | C982: YELLOW_FLO;FLO_58;RED_FLO;FLO_RED;FLO_YELLOW | D982: 3 | E982: =LEN(B982) -> 3 | F982: BEER | G982: 1
A983: 4 | B983: GEBROUWEN_DOOR_VROUWEN | C983: GEBROUWEN_DOOR_VROUWEN;GEBROUWEN_DOOR_VROUW | E983: =LEN(B983) -> 22 | F983: BEER | G983: 10
A984: 4 | B984: VITAMIN_WATER | C984: VITAMIN_WATER | D984: 4 | E984: =LEN(B984) -> 13 | G984: 1
A985: 4 | B985: XXX_BITTER | C985: RANKE;XXX_BITTER;XXX | D985: 4 | E985: =LEN(B985) -> 10 | F985: BEER | G985: 1
A986: 4 | B986: MIKKELLER | C986: MIKKELLER | D986: 4 | E986: =LEN(B986) -> 9 | G986: 1
A987: 4 | B987: PECHE_MEL | C987: PICHEMEL;PICHE_MEL | D987: 4 | E987: =LEN(B987) -> 9 | F987: SOFT_DRINKS | G987: 1
A988: 4 | B988: LA_CORNE | C988: CORNE | D988: 4 | E988: =LEN(B988) -> 8 | F988: BEER | G988: 1
A989: 4 | B989: WILDEMAN | C989: WILDEMAN | D989: 4 | E989: =LEN(B989) -> 8 | F989: BEER | G989: 1
A990: 4 | B990: MINERVA | C990: MINERVA | D990: 4 | E990: =LEN(B990) -> 7 | F990: BEER | G990: 1
A991: 4 | B991: 1906 | C991: 1906 | D991: 4 | E991: =LEN(B991) -> 4 | F991: BEER | G991: 1
A992: 5 | B992: BLONDE_AU_PIMENT_D_ESPELETTE | C992: BLONDE_AU_PIMENT_D_ESPELETTE | D992: 5 | E992: =LEN(B992) -> 28 | F992: BEER | G992: 0
A993: 5 | B993: BLANCHE_DE_BRUXELLES_ROSEE | C993: BLANCHE_DE_BRUXELLES_ROSEE | E993: =LEN(B993) -> 26
A994: 5 | B994: LA_CERVOISE_DES_ANCETRES | C994: LA_CERVOISE_DES_ANCETRES | D994: 5 | E994: =LEN(B994) -> 24 | F994: BEER | G994: 0
A995: 5 | B995: MADEMOISELLE_VERSAILLES | C995: MADEMOISELLE_VERSAILLES | D995: 5 | E995: =LEN(B995) -> 23 | F995: BEER | G995: 0
A996: 5 | B996: GONNA_GRILL_SOME_BACON | C996: GONNA_GRILL_SOME_BACON | D996: 5 | E996: =LEN(B996) -> 22 | G996: 1
A997: 5 | B997: LES_PERLES_DU_HOMARD | C997: LES_PERLES_DU_HOMARD | D997: 5 | E997: =LEN(B997) -> 20 | G997: 1
A998: 5 | B998: BLANCHE_DE_BRUXELLES | C998: BLANCHE_DE_BRUXELLES | E998: =LEN(B998) -> 20
A999: 5 | B999: CLASH_OF_THE_TITANS | C999: CLASH_OF_THE_TITANS | D999: 5 | E999: =LEN(B999) -> 19 | G999: 1
A1000: 5 | B1000: LA_BIERE_DE_LA_LOSE | C1000: LA_BIERE_DE_LA_LOSE | D1000: 5 | E1000: =LEN(B1000) -> 19 | F1000: BEER | G1000: 0
A1001: 5 | B1001: SCANNING_FOR_SIGNS | C1001: SCANNING_FOR_SIGNS | D1001: 5 | E1001: =LEN(B1001) -> 18 | G1001: 1
A1002: 5 | B1002: BLANCHE_DE_WISSANT | C1002: BLANCHE_DE_WISSANT | E1002: =LEN(B1002) -> 18
A1003: 5 | B1003: HOULE_DU_BLANC_NEZ | C1003: HOULE_DU_BLANC_NEZ | E1003: =LEN(B1003) -> 18
A1004: 5 | B1004: BLANCHE_DE_CAMBRAI | C1004: BLANCHE_DE_CAMBRAI | E1004: =LEN(B1004) -> 18
A1005: 5 | B1005: SAVEURS_HOELLINGEM | C1005: SAVEURS_HOELLINGEM;HOELLINGEM | E1005: =LEN(B1005) -> 18
A1006: 5 | B1006: MONOPRIX_X_BRIARDE | C1006: MONOPRIX_X_BRIARDE | D1006: 5 | E1006: =LEN(B1006) -> 18 | F1006: BEER | G1006: 0
A1007: 5 | B1007: THE_BELGIAN_CIDER | C1007: THE_BELGIAN_CIDER | D1007: 5 | E1007: =LEN(B1007) -> 17 | G1007: 1
A1008: 5 | B1008: TWO_CHEFS_BREWING | C1008: TWO_CHEFS_BREWING;FUNKY_FALCON;GREEN_BULLET;BON_CHEF;WHITE_MAMBA;TROPICAL_RALPHIE;HOWLING_WOLF;STROOPWAFEL_STOUT;SUNSET_SUZY;BOCK_BRULEE;DRAGONS_KISS;FUNKY_FALCON;HOLY_GUNTER;KINKY_KOOS;WETLAND_HAZE;WING_WALKER;SPACE_JUMPER;STEEP_DREAMS | D1008: 5 | E1008: =LEN(B1008) -> 17 | F1008: BEER | G1008: 0
A1009: 5 | B1009: LA_BIERE_DU_DEMON | C1009: LA_BIERE_DU_DEMON | D1009: 43 | E1009: =LEN(B1009) -> 17 | F1009: BEER | G1009: 38
A1010: 5 | B1010: TWO_CHEFS_BREWING | C1010: TWO_CHEFS_BREWING | E1010: =LEN(B1010) -> 17 | F1010: BEER | G1010: 19
A1011: 5 | B1011: RANDO_DU_GRIS_NEZ | C1011: RANDO_DU_GRIS_NEZ | E1011: =LEN(B1011) -> 17
A1012: 5 | B1012: SECRET_DES_MOINES | C1012: SECRET_DES_MOINES;FROMENT | E1012: =LEN(B1012) -> 17
A1013: 5 | B1013: SANCTI_ADALBERTI | C1013: SANCTI_ADALBERTI;ALKMAARS_VERZETJE;DE_TRANEN_VAN_ADELBERT;JAN_S_WITTE_KERK;HERBERG_ZOMERBIER;SOUL_MATE | D1013: 19 | E1013: =LEN(B1013) -> 16 | F1013: BEER | G1013: 14
A1014: 5 | B1014: SCHNEIDER_WEISSE | C1014: SCHNEIDER_WEISSE;AVENTINUS;LABRASSBANDA;BROTZEIT | D1014: 52 | E1014: =LEN(B1014) -> 16 | F1014: BEER | G1014: 47
A1015: 5 | B1015: BIERE_DU_CORBEAU | C1015: BIERE_DU_CORBEAU | E1015: =LEN(B1015) -> 16
A1016: 5 | B1016: CAPTAIN_FRACASSE | C1016: CAPTAIN_FRACASSE | E1016: =LEN(B1016) -> 16
A1017: 5 | B1017: TOTAL_DOMINATION | C1017: TOTAL_DOMINATION | D1017: 5 | E1017: =LEN(B1017) -> 16 | F1017: BEER | G1017: 0
A1018: 5 | B1018: MARIAGE_PARFAIT | C1018: MARIAGE | D1018: 5 | E1018: =LEN(B1018) -> 15 | F1018: BEER | G1018: 1
A1019: 5 | B1019: SAISON_&_LAMBIC | C1019: SAISON_&_LAMBIC | D1019: 5 | E1019: =LEN(B1019) -> 15 | F1019: BEER | G1019: 1
A1020: 5 | B1020: TRIPEL_D_ANVERS | C1020: ANVERS;ARVERS;TRIPLE_ANVERS;TRIPLE_D_ANVERS;TRIPEL_D_ANVERS;TRIPPEL_D_ANVERS;TRIPLE_DANVERS;TRIPEL_DANVERS;TRIPPEL_DANVERS;TRIPEL_DANVER;TRIPEL_D_ANVER;TRIPLE_DANVER,_TRIPLE_D_ANVER,_D_x0019_ANVERS;X_ANVERS;TRIPLE_D_ANVERS;TRIPLE_D | D1020: 5 | E1020: =LEN(B1020) -> 15 | F1020: BEER | G1020: 1
A1021: 5 | B1021: UNWANTED_TATTOO | C1021: UNWANTED | D1021: 5 | E1021: =LEN(B1021) -> 15 | F1021: BEER | G1021: 1
A1022: 5 | B1022: BITTERE_BLOEMEN | C1022: BITTERE_BLOEMEN | D1022: 5 | E1022: =LEN(B1022) -> 15 | G1022: 1
A1023: 5 | B1023: BREAKFAST_STOUT | C1023: BREAKFAST_STOUT | D1023: 5 | E1023: =LEN(B1023) -> 15 | F1023: BEER | G1023: 1
A1024: 5 | B1024: WEIHENSTEPHANER | C1024: WEIHENSTEPHANER;KORBINIAN;WEIHENSTEPHAN | D1024: 13 | E1024: =LEN(B1024) -> 15 | F1024: BEER | G1024: 8
A1025: 5 | B1025: PHILTRE_D_AMOUR | C1025: PHILTRE_D_AMOUR | D1025: 5 | E1025: =LEN(B1025) -> 15 | F1025: BEER | G1025: 0
A1026: 5 | B1026: BONI_TAFELBIER | C1026: BONI_TAFELBIER | D1026: 5 | E1026: =LEN(B1026) -> 14 | F1026: SOFT_DRINKS | G1026: 1
A1027: 5 | B1027: GOUDEN_CAROLUS | C1027: CAROLUS;CAROLOUS;GOUDEN_C;GOUDEN | D1027: 5 | E1027: =LEN(B1027) -> 14 | F1027: BEER | G1027: 1
A1028: 5 | B1028: KEREL_KAISHAKU | C1028: KAISHAKU | D1028: 5 | E1028: =LEN(B1028) -> 14 | F1028: BEER | G1028: 1
A1029: 5 | B1029: BOHEMIAN_LAGER | C1029: BOHEMIAN_LAGER | D1029: 5 | E1029: =LEN(B1029) -> 14 | G1029: 1
A1030: 5 | B1030: DE_DRIE_WILGEN | C1030: DE_DRIE_WILGEN | D1030: 5 | E1030: =LEN(B1030) -> 14 | G1030: 1
A1031: 5 | B1031: HEALTHY_PEOPLE | C1031: HEALTHY_PEOPLE | D1031: 5 | E1031: =LEN(B1031) -> 14 | G1031: 1
A1032: 5 | B1032: CRAFTY_BREWING | C1032: CRAFTY_BREWING | D1032: 5 | E1032: =LEN(B1032) -> 14 | F1032: BEER | G1032: 0
A1033: 5 | B1033: HEIDEBROUWERIJ | C1033: HEIDEBROUWERIJ;EVERZWIJN_TRIPEL;BIJENBLOND;VALK_INDIA_PALE_ALE;VLINDERBLOND;OEHOE_DONKER;EDELHERTDONKER;EDENOARTJE;WOLFWEIZEN;EDELHERT_QUADRUPEL;VOSBLOND;TULIPS_SCHIFFMACHER_EDITION;VOS_ZWAAR_BLOND;MOEFLON;TULIPS_CRAFT_BEER;VINCENT_BLOND;FLOW_BEER;VOSBLOND_SCHIFFMACHER;NULTIENTJE;BIJENBLOND_SCHIFFMACHER_EDITION;VALK_IPA;OEHOEDONKER_SCHIFFMACHER_EDITION;WOLFWEIZEN_SCHIFFMACHER_EDITION | D1033: 40 | E1033: =LEN(B1033) -> 14 | F1033: BEER | G1033: 35
A1034: 5 | B1034: BROUWERIJ_T_IJ | C1034: BROUWERIJ_T_IJ | E1034: =LEN(B1034) -> 14 | F1034: BEER | G1034: 5
A1035: 5 | B1035: NOIRE_DE_SLACK | C1035: NOIRE_DE_SLACK | E1035: =LEN(B1035) -> 14
A1036: 5 | B1036: BIERE_DU_COMTE | C1036: BIERE_DU_COMTE;MOUNTA_CALA;COTE_D_AZUR;L_ESTIVALE | E1036: =LEN(B1036) -> 14
A1037: 5 | B1037: FEE_DE_L_EFFET | C1037: FEE_DE_L_EFFET | E1037: =LEN(B1037) -> 14
...

Sheet BRAND_READS

Sheet VARIANT
A1: PRIORITY | B1: VARIANT | C1: VARIANT_WILDCARD | D1: VARIANT_BUILD
A2: 1 | B2: CLEMENTINE | C2: CLEMENTINE;CLEMENTINA;CLEMENTIN | D2: 1
A3: 1 | B3: AGRUMES | C3: AGRUMES;CITRUSVRUCHTEN;AGRUMES;CÃTRICOS;ZITRUSFRÃœCHTE;AGRUM;ARUM;AGRUMES,;AGRUME,;AGRUME;/AGRUM;ARGUMES | D3: 1
A4: 1 | B4: APPLE_CHERRY | C4: APPELKERS;POMME_CERISE;CERISE_POMME | D4: 1
A5: 1 | B5: BITTER_LEMON | C5: BITTER_LEMON;BITTERE_CITROEN;CITRON_AMER;LIMÃ“N_AMARGO;BITTERZITRONE;BITTERLEMON | D5: 1
A6: 1 | B6: BLACKCURRANT | C6: BLACKCURRANT;ZWARTE_BES;CASSIS;GROSELLA_NEGRA;SCHWARZE_JOHANNISBEERE | D6: 1
A7: 1 | B7: BLUEBERRY | C7: BLUEBERRY;BLAUWE_BES;MYRTILLE;ARÃNDANO;BLAUBEERE;BOSBES | D7: 1
A8: 1 | B8: CACTUS | C8: CACTUS;CACTUS;CACTUS;CACTUS;KAKTUS | D8: 1
A9: 1 | B9: CASSIS | C9: CASSIS;GROSELLA_NEGRA;SCHWARZE_JOHANNISBEERE | D9: 1
A10: 1 | B10: CHERRY | C10: CHERRY;KERS;CERISE;CEREZA;KIRSCHE;CHERRY;KRIEK;CERISE;CERISE,;KRIECK | D10: 1
A11: 1 | B11: CRANBERRY | C11: CRANBERRY;VEENBES;CANNEBERGE;ARÃNDANO_ROJO;PREISELBEERE | D11: 1
A12: 1 | B12: DRAGONFRUIT | C12: DRAGONFRUIT;DRAKENFRUIT;FRUIT_DU_DRAGON;FRUTA_DEL_DRAGÃ“N;DRACHENFRUCHT | D12: 1
A13: 1 | B13: ELDERFLOWER | C13: ELDERFLOWER;VLIERBLOESEM;FLEUR_DE_SUREAU;FLOR_DE_SAÃšCO;HOLUNDERBLÃœTE | D13: 1
... A111: 1 | B111: FOREST_BERRIES | C111: BOSVRUCHTEN;BOSBESSEN;FOREST_BERRIES | D111: 1
A112: 1 | B112: LEMONGRASS | C112: LEMONGRASS
B113: CUVEE_CLARRISSE | C113: CUVEE_CLARRISSE | D113: 0
B114: GENERAAL | C114: GENERAAL | D114: 0
B115: LINO | C115: LINO | D115: 0
B116: LITE | C116: CHOUFFE_LITE;FE_LITE;LITE_CH | D116: 0
B117: NANO | C117: NANO | D117: 0
B118: STIMULOO | C118: STIMULOO | D118: 0
B119: 1897 | C119: S_1897 | D119: 0
B120: AVALANCHE | C120: ATRIUM_AVALANCHE | D120: 0
B121: BAOBAB | C121: BAOBAB | D121: 0
B122: BATTELAAR | C122: BATTELAAR | D122: 0
B123: BELLE_D'ETE | C123: BELLE_D'ETE | D123: 0
B124: BOS | C124: KLUIZ_BOS | D124: 0
B125: BRAVA_2022 | C125: ATRIUM_BRAVA_2022 | D125: 0
B126: CELESTE | C126: E_CELESTE | D126: 0
B127: COINTESSENCE | C127: E_COINTESSENCE | D127: 0
B128: COL'_HOPCATION | C128: ATRIUM_COL'_HOPCATION | D128: 0
B129: CUVEE_MEILLEURS_VOEUX | C129: S_CUVEE_MEILLEURS_VOEUX | D129: 0
B130: DRY_HOPPED | C130: DRY_HOPPED | D130: 0
B131: DUBBELBOCK | C131: DUBBELBOCK | D131: 0
... B272: STIMULOO | C272: STIMULOO | D272: 0
B273: 1897 | C273: S_1897 | D273: 0
B274: AVALANCHE | C274: ATRIUM_AVALANCHE | D274: 0
B275: BAOBAB | C275: BAOBAB | D275: 0
B276: BATTELAAR | C276: BATTELAAR | D276: 0
B277: BELLE_D'ETE | C277: BELLE_D'ETE | D277: 0
B278: BOS | C278: KLUIZ_BOS | D278: 0
B279: BRAVA_2022 | C279: ATRIUM_BRAVA_2022 | D279: 0
B280: CELESTE | C280: E_CELESTE | D280: 0
B281: CLEMENTINE | C281: CLEMENTINE | D281: 0
B282: COINTESSENCE | C282: E_COINTESSENCE | D282: 0
B283: COL'_HOPCATION | C283: ATRIUM_COL'_HOPCATION | D283: 0
B284: CUVEE_MEILLEURS_VOEUX | C284: S_CUVEE_MEILLEURS_VOEUX | D284: 0
B285: DRY_HOPPED | C285: DRY_HOPPED | D285: 0
... B505: BITTER | C505: BITTER | D505: 0
B506: 175 | C506: 175 | D506: 0
B507: ANGUS | C507: ANGUS;AGNUS | D507: 0
B508: PATER | C508: PATER | D508: 0
B509: TAROT_NOIRE | C509: TAROT_NOIRE;TAROT_NOIR | D509: 0
B510: TAROT_D_OR | C510: TAROT_D_OR;TAROT_D__OR | D510: 0
B511: CHOCOLAT | C511: CHOCOLAT | D511: 0
B512: CITRUS | C512: CITRUS | D512: 0
B513: CLASSIC | C513: CLASSIC | D513: 0
B514: HONEY | C514: HONEY;HONING | D514: 0
B515: SPICED | C515: SPICED | D515: 0
B516: AURA | C516: AURA | D516: 0
B517: BARREL_AGED | C517: BARREL_AGED | D517: 0
B518: BARREL_SELECT | C518: BARREL_SELECT | D518: 0
... B575: EXPLOSION | C575: EXPLOSION | D575: 0
B576: 9000 | C576: 9000 | D576: 0
B577: COLD | C577: COLD | D577: 0
B578: HOT | C578: HOT | D578: 0
B579: TASTING_MIX | C579: TASTING;PROEVEN;DEGUSTATIE | D579: 0
B580: PLUM | C580: PRUIM;PLUM;PRUNE | D580: 0
B581: OUDE_LAMBIEK | C581: OUDE_LAMBIEK;OLD_LAMBIC | D581: 0
B582: CHAI | C582: CHAI | D582: 0
B583: IMPERIAL_BLOND | C583: IMPERIAL_BLOND | D583: 0
B584: IMPERIAL_DARK | C584: IMPERIAL_DARK | D584: 0
B585: COLA | C585: COLA;KOLA | D585: 0
B586: FRUIT | C586: FRUIT;VRUCHT | D586: 0
B587: ARMAND | C587: ARMAND | D587: 0
B588: NOX | C588: NOX | D588: 0
... B648: FINESSE | C648: FINESSE;FINESS | D648: 0
B649: 1863 | C649: 1863 | D649: 0
B650: TRIPEL_ROUGE | C650: TRIPEL_ROUGE | D650: 0
B651: WIJZE | C651: WIJZE | D651: 0
B652: GOUDENBAND | C652: GOUDENBAND | D652: 0
B653: RED_BERRIES | C653: RED_BERRIES | D653: 0
B654: VISTA | C654: VISTA | D654: 0
B655: MAGNUM_OPUS | C655: MAGNUM_OPUS | D655: 0
B656: GEORGES | C656: GEORGES | D656: 0
B657: ULTRA | C657: ULTRA | D657: 0
B658: KAISHAKU | C658: KAISHAKU | D658: 0
B659: AGED_PALE | C659: AGED_PALE | D659: 0
B660: NATURE | C660: NATURE | D660: 0
B661: 30 | C661: 30 | D661: 0
B662: TOKYO | C662: TOKYO | D662: 0
B663: VESPER | C663: VESPER | D663: 0
B664: CISTER | C664: CISTER | D664: 0
B665: NOCTIS | C665: NOCTIS | D665: 0
B666: CANTOR | C666: CANTOR | D666: 0
B667: FLOSS | C667: FLOSS | D667: 0
B668: ALTBIER > STICKE | C668: ALTBIER > STICKE | D668: 0
B669: ALTBIER > TRADITIONAL | C669: ALTBIER > TRADITIONAL | D669: 0
B670: ALTBIER > TRADITIONAL| ZERO | C670: ALTBIER > TRADITIONAL| ZERO | D670: 0
B671: AUSTRALIAN_SPARKLING_ALE | C671: AUSTRALIAN_SPARKLING_ALE | D671: 0
...

Sheet SUB_VARIANT
A1: PRIORITY | B1: SUB_VARIANT | C1: SUB_VARIANT_WILDCARD
B2: ZERO | C2: SANS_ALCOOL;SPECIAL_EFFECT;SANS.ALCOOL;VRIJWIT;NON_IPA;Alkoholfrei;NON_ALC;GEEN_SUIKER;0_SUIKER;ALCOHOL_ARM;0/0;NANO;NILLIS;EPOS;_0;0.2;0.3;0.4;0,1;0,2;0,3;0.4;0.4%;0.5;0,5;0,4;0,4%;0.0;0.00;0.0%;0,0;0,0%;N.A.;N/A;00;ZERO;ALCOHOLVRIJ;ALCOHOLFREE;NON_ALCOHOLIC;ZONDER_ALCOHOL;ALCOHOLFREE;CERO;VIRGIN;Alcool Free;JUPILER_0;STELLA_0;CARLSBERG_0;LIEFMANS_0;LEFFE_BLOND_0;LEFFE_BROWN_0;ALCOHOL_FREE;zero;zèro;z…ro;cero;suikervrij;sugarfree;no sugar;zonder zuiker;SUGAR_FREE;(NA);PEPSI_MAX;ZERO;CERO;zero;cero
B3: ZERO | C3: zero;zèro;z…ro;cero;suikervrij;sugarfree;no sugar;zonder zuiker;SUGAR_FREE;(NA);PEPSI_MAX;ZERO;CERO
B4: GLUTEN_FREE | C4: GLUTEN_FREE;BIOLOGISCH
B5: HOMEMADE | C5: HOMEMADE;HOME_MADE;HUIS;HUISKE;HUISKEN
B6: FRESH | C6: VERS;FRESH;FRAIS;VERSE;FRAICHE
B7: LIGHT | C7: LIGHT;1KCAL;LAAG_IN_SUIKER
B8: HOT | C8: HOT;WARM;CHAUD;WARME
F12: don't start with mixing the beer type and the third

Sheet TAG_MAPPING
A1: KEY | B1: BRAND | C1: TAG_WILDCARDS | D1: EXTRA_TAG_A | E1: EXTRA_TAG_B | F1: KEY_TAG | G1: ZERO | H1: PRIORITY | I1: BRAND_PRIORITY | J1: LENGTH | K1: CATEGORY | L1: VERIFIED | M1: IN_REGISTRY
A2: 13 | PILSNER | | B2: 13 | C2: PILSNER | F2: PILSNER | H2: 5 | I2: =VLOOKUP(B2,BRAND!B:D,3,FALSE) -> 5.5 | J2: 7 | M2: 1
A3: 13 | EXPORT | | B3: 13 | C3: EXPORT | F3: EXPORT | H3: 5 | I3: =VLOOKUP(B3,BRAND!B:D,3,FALSE) -> 5.5 | J3: 6 | M3: 1
A4: 13 | HOP | | B4: 13 | C4: HOP | F4: HOP | H4: 5 | I4: =VLOOKUP(B4,BRAND!B:D,3,FALSE) -> 15 | M4: 1
A5: 1128 | BRUT_BEER | | B5: 1128 | C5: BRUT_BEER | F5: BRUT_BEER | H5: 5 | I5: =VLOOKUP(B5,BRAND!B:D,3,FALSE) -> 5.5 | J5: 9 | K5: #N/A | M5: 0
A6: 1128 | BRUT_ROSE | | B6: 1128 | C6: BRUT_ROSE | F6: BRUT_ROSE | H6: 5 | I6: =VLOOKUP(B6,BRAND!B:D,3,FALSE) -> 5.5 | J6: 9 | K6: #N/A | M6: 0
A7: 1128 | QUADRUPEL | | B7: 1128 | C7: QUADRUPEL | F7: QUADRUPEL | H7: 5 | I7: =VLOOKUP(B7,BRAND!B:D,3,FALSE) -> 5.5 | J7: 9 | K7: #N/A | M7: 0
A8: 1664 | GOLD | | B8: 1664 | C8: GOLD | F8: GOLD | H8: 4 | I8: =VLOOKUP(B8,BRAND!B:D,3,FALSE) -> 3 | J8: =LEN(F8) -> 4 | K8: BEER | L8: 0 | M8: 1
A9: 1664 | FRENCH_IPA | | B9: 1664 | C9: IPA | F9: FRENCH_IPA | H9: 5 | I9: =VLOOKUP(B9,BRAND!B:D,3,FALSE) -> 3 | J9: =LEN(F9) -> 10 | K9: BEER | L9: 0 | M9: 1
A10: 1664 | MILLESIME | | B10: 1664 | C10: MILLESIME | F10: MILLESIME | H10: 5 | I10: =VLOOKUP(B10,BRAND!B:D,3,FALSE) -> 3 | J10: =LEN(F10) -> 9 | K10: BEER | L10: 0 | M10: 1
A11: 1664 | PRESTIGE | | B11: 1664 | C11: PRESTIGE | F11: PRESTIGE | H11: 5 | I11: =VLOOKUP(B11,BRAND!B:D,3,FALSE) -> 3 | J11: =LEN(F11) -> 8 | K11: BEER | L11: 0 | M11: 1
A12: 1664 | MYRTILLE | | B12: 1664 | C12: MYRTILLE | F12: MYRTILLE | H12: 5 | I12: =VLOOKUP(B12,BRAND!B:D,3,FALSE) -> 3 | J12: =LEN(F12) -> 8 | K12: BEER | L12: 0 | M12: 1
A13: 1664 | PASSION | | B13: 1664 | C13: PASSION | F13: PASSION | H13: 5 | I13: =VLOOKUP(B13,BRAND!B:D,3,FALSE) -> 3 | J13: =LEN(F13) -> 7 | K13: BEER | L13: 0 | M13: 1
A14: 1664 | PANACHE | | B14: 1664 | C14: PANACHE | F14: PANACHE | H14: 5 | I14: =VLOOKUP(B14,BRAND!B:D,3,FALSE) -> 3 | J14: =LEN(F14) -> 7 | K14: BEER | L14: 0 | M14: 1
A15: 1664 | BLONDE | ZERO | B15: 1664 | C15: BLONDE;CORE | F15: BLONDE | G15: ZERO | H15: 5 | I15: =VLOOKUP(B15,BRAND!B:D,3,FALSE) -> 3 | J15: =LEN(F15) -> 6 | K15: BEER | L15: 0 | M15: 1
A16: 1664 | LAGER | | B16: 1664 | C16: LAGER | F16: LAGER | H16: 5 | I16: =VLOOKUP(B16,BRAND!B:D,3,FALSE) -> 3 | J16: =LEN(F16) -> 5 | K16: BEER | L16: 0 | M16: 1
A17: 1664 | BLOND | | B17: 1664 | C17: BLOND | F17: BLOND | H17: 5 | I17: =VLOOKUP(B17,BRAND!B:D,3,FALSE) -> 3 | J17: 5 | K17: #N/A | M17: 0
A18: 1664 | WHITE | | B18: 1664 | C18: WHITE | F18: WHITE | H18: 5 | I18: =VLOOKUP(B18,BRAND!B:D,3,FALSE) -> 3 | J18: 5 | K18: #N/A | M18: 0
A19: 1664 | PECHE | | B19: 1664 | C19: PECHE | F19: PECHE | H19: 5 | I19: =VLOOKUP(B19,BRAND!B:D,3,FALSE) -> 3 | J19: =LEN(F19) -> 5 | K19: BEER | L19: 0 | M19: 1
A20: 1664 | WHITE | ZERO | B20: 1664 | C20: WHITE | F20: WHITE | G20: ZERO | H20: 5 | I20: =VLOOKUP(B20,BRAND!B:D,3,FALSE) -> 3 | J20: =LEN(F20) -> 5 | K20: BEER | L20: 0 | M20: 1
A21: 1664 | LAGER | | B21: 1664 | C21: LAGER | F21: LAGER | H21: 5 | I21: =VLOOKUP(B21,BRAND!B:D,3,FALSE) -> 3 | J21: =LEN(F21) -> 5 | K21: BEER | L21: 0 | M21: 1
A22: 1664 | WHITE | | B22: 1664 | C22: WHITE | F22: WHITE | H22: 5 | I22: =VLOOKUP(B22,BRAND!B:D,3,FALSE) -> 3 | J22: =LEN(F22) -> 5 | K22: BEER | L22: 0 | M22: 1
A23: 1664 | HOPPY | | B23: 1664 | C23: HOPPY | F23: HOPPY | H23: 5 | I23: =VLOOKUP(B23,BRAND!B:D,3,FALSE) -> 3 | J23: =LEN(F23) -> 5 | K23: BEER | L23: 0 | M23: 1
A24: 1664 | ROSE | | B24: 1664 | C24: ROSE | F24: ROSE | H24: 5 | I24: =VLOOKUP(B24,BRAND!B:D,3,FALSE) -> 3 | J24: 4 | K24: #N/A | M24: 0
A25: 1664 | BRUT | | B25: 1664 | C25: BRUT | F25: BRUT | H25: 5 | I25: =VLOOKUP(B25,BRAND!B:D,3,FALSE) -> 3 | J25: =LEN(F25) -> 4 | K25: BEER | L25: 0 | M25: 1
A26: 1664 | CRU | | B26: 1664 | C26: CRU | F26: CRU | H26: 5 | I26: =VLOOKUP(B26,BRAND!B:D,3,FALSE) -> 3 | J26: =LEN(F26) -> 3 | K26: BEER | L26: 0 | M26: 1
A27: 1664 | RED | | B27: 1664 | C27: RED | F27: RED | H27: 5 | I27: =VLOOKUP(B27,BRAND!B:D,3,FALSE) -> 3 | J27: =LEN(F27) -> 3 | K27: BEER | L27: 0 | M27: 1
A28: 1818 | SAISON | | B28: 1818 | C28: SAISON | F28: SAISON | H28: 5 | I28: =VLOOKUP(B28,BRAND!B:D,3,FALSE) -> 5.5 | J28: 6 | M28: 1
A29: 1830 | LIBERTE | | B29: 1830 | C29: LIBERTE | F29: LIBERTE | H29: 5 | I29: =VLOOKUP(B29,BRAND!B:D,3,FALSE) -> 5.5 | J29: 7 | M29: 1
A30: 1830 | BLOND | | B30: 1830 | C30: BLOND;CORE | F30: BLOND | H30: 5 | I30: =VLOOKUP(B30,BRAND!B:D,3,FALSE) -> 5.5 | J30: 5 | M30: 1
A31: 1830 | LOI | | B31: 1830 | C31: LOI | F31: LOI | H31: 5 | I31: =VLOOKUP(B31,BRAND!B:D,3,FALSE) -> 5.5 | J31: 3 | M31: 1
A32: 1830 | ROI | | B32: 1830 | C32: ROI | F32: ROI | H32: 5 | I32: =VLOOKUP(B32,BRAND!B:D,3,FALSE) -> 5.5 | J32: 3 | M32: 1
A33: 1906 | MILNUEVE | | B33: 1906 | C33: MILNUEVE | F33: MILNUEVE | H33: 5 | I33: =VLOOKUP(B33,BRAND!B:D,3,FALSE) -> #N/A | J33: 8 | M33: 1
A34: 1906 | BLACK | | B34: 1907 | C34: BLACK | F34: BLACK | H34: 5 | I34: =VLOOKUP(B34,BRAND!B:D,3,FALSE) -> #N/A | J34: 5 | M34: 1
A35: 1906 | IRISH | | B35: 1908 | C35: IRISH | F35: IRISH | H35: 5 | I35: =VLOOKUP(B35,BRAND!B:D,3,FALSE) -> #N/A | J35: 5 | M35: 1
A36: 1906 | CORE | GLUTEN_FREE | B36: 1909 | C36: CORE | F36: CORE | G36: GLUTEN_FREE | H36: 5 | I36: =VLOOKUP(B36,BRAND!B:D,3,FALSE) -> #N/A | J36: 4 | M36: 1
A37: 1906 | CORE | ZERO | B37: 1910 | C37: CORE | F37: CORE | G37: ZERO | H37: 5 | I37: =VLOOKUP(B37,BRAND!B:D,3,FALSE) -> #N/A | J37: 4 | M37: 1
A38: 1906 | RED | | B38: 1911 | C38: RED | F38: RED | H38: 5 | I38: =VLOOKUP(B38,BRAND!B:D,3,FALSE) -> #N/A | J38: 3 | M38: 1
A39: 7700 | IPA | | B39: 7700 | C39: CORE;IPA | F39: IPA | H39: 5 | I39: =VLOOKUP(B39,BRAND!B:D,3,FALSE) -> 5.5 | J39: 3 | L39: 1 | M39: 1
A40: 8410 | DARK | | B40: 8410 | C40: DARK | F40: DARK | H40: 5 | I40: =VLOOKUP(B40,BRAND!B:D,3,FALSE) -> 5.5 | J40: 4 | M40: 1
A41: 8410 | IPA | | B41: 8410 | C41: BLOND;CORE | F41: IPA | H41: 5 | I41: =VLOOKUP(B41,BRAND!B:D,3,FALSE) -> 5.5 | J41: 3 | M41: 1
A42: LA_MEDIEVALE | AMBER | | B42: LA_MEDIEVALE | C42: AMBER | H42: 5 | I42: =VLOOKUP(B42,BRAND!B:D,3,FALSE) -> 5.5 | J42: =LEN(F42) -> 0 | L42: 0 | M42: 0
A43: LA_MEDIEVALE | AMBER | | B43: LA_MEDIEVALE | C43: AMBER | H43: 5 | I43: =VLOOKUP(B43,BRAND!B:D,3,FALSE) -> 5.5 | J43: 0 | M43: 1
A44: 100_PAP | CORE | | B44: 100_PAP | C44: CORE | F44: CORE | H44: 5 | I44: =VLOOKUP(B44,BRAND!B:D,3,FALSE) -> 5 | J44: 4 | M44: 1
A45: 100_WATT | ORCHESTRA_OF_ANGELS | | B45: 100_WATT | C45: ORCHESTRA_OF_ANGELS | F45: ORCHESTRA_OF_ANGELS | H45: 5
A46: 100_WATT | 150_WATT | | B46: 100_WATT | C46: 150_WATT | F46: 150_WATT | H46: 5
A47: 100_WATT | NON_DE_JUS | | B47: 100_WATT | C47: NON_DE_JUS | F47: NON_DE_JUS | H47: 5
A48: 100_WATT | 40_WATT | | B48: 100_WATT | C48: 40_WATT | F48: 40_WATT | H48: 5
A49: 100_WATT | WITTE_DAME | | B49: 100_WATT | C49: WITTE_DAME | F49: WITTE_DAME | H49: 5
A50: 100_WATT | EVOLUWONDER | | B50: 100_WATT | C50: EVOLUWONDER | F50: EVOLUWONDER | H50: 5
A51: 100_WATT | ALLURE | | B51: 100_WATT | C51: ALLURE | F51: ALLURE | H51: 5
A52: 100_WATT | 75_WATT | | B52: 100_WATT | C52: 75_WATT | F52: 75_WATT | H52: 5
A53: 100_WATT | OUDE_HAAS | | B53: 100_WATT | C53: OUDE_HAAS | F53: OUDE_HAAS | H53: 5
A54: 100_WATT | HEEREN_VAN_EYNTHOVEN | | B54: 100_WATT | C54: HEEREN_VAN_EYNTHOVEN | F54: HEEREN_VAN_EYNTHOVEN | H54: 5
A55: 100_WATT | ZWARTE_BLIKSEM | | B55: 100_WATT | C55: ZWARTE_BLIKSEM | F55: ZWARTE_BLIKSEM | H55: 5
A56: 100_WATT | BRABANTSCH_WEISSHEIT | | B56: 100_WATT | C56: BRABANTSCH_WEISSHEIT | F56: BRABANTSCH_WEISSHEIT | H56: 5
... A60: 100_WATT | BYE_BYE_SUMMER | | B60: 100_WATT | C60: BYE_BYE_SUMMER | F60: BYE_BYE_SUMMER | H60: 5
A61: 2_CAPS | LA_BELLE_DALLE_MILLESIME_2021 | | B61: 2_CAPS | C61: LA_BELLE_DALLE_MILLESIME_2021 | F61: LA_BELLE_DALLE_MILLESIME_2021 | H61: 5 | I61: =VLOOKUP(B61,BRAND!B:D,3,FALSE) -> 0 | J61: =LEN(F61) -> 29 | K61: BEER | L61: 0 | M61: 1
A62: 2_CAPS | LA_RANDO_DU_GRIS_NEZ | | B62: 2_CAPS | C62: LA_RANDO_DU_GRIS_NEZ | F62: LA_RANDO_DU_GRIS_NEZ | H62: 5 | I62: =VLOOKUP(B62,BRAND!B:D,3,FALSE) -> 0 | J62: =LEN(F62) -> 20 | K62: BEER | L62: 0 | M62: 1
A63: 2_CAPS | BLONDE | | B63: 2_CAPS | C63: BLONDE | F63: BLONDE | H63: 5 | I63: =VLOOKUP(B63,BRAND!B:D,3,FALSE) -> 0 | J63: =LEN(F63) -> 6 | K63: BEER | L63: 0 | M63: 1
A64: 3_FONTEINEN | OUDE_GUEUZE | | B64: 3_FONTEINEN | C64: OUDE_GUEUZE;GUEUZE;CORE | F64: OUDE_GUEUZE | H64: 3 | I64: =VLOOKUP(B64,BRAND!B:D,3,FALSE) -> 9 | J64: =LEN(F64) -> 11 | K64: BEER | M64: 1
A65: 3_FONTEINEN | OUDE_KRIEK | | B65: 3_FONTEINEN | C65: OUDE_KRIEK;CHERRY | F65: OUDE_KRIEK | H65: 4 | I65: =VLOOKUP(B65,BRAND!B:D,3,FALSE) -> 9 | J65: =LEN(F65) -> 10 | K65: BEER | M65: 1
A66: 3_FONTEINEN | CUVEE_ARMAND_GASTON | | B66: 3_FONTEINEN | C66: CUVEE_ARMAND_GASTON | F66: CUVEE_ARMAND_GASTON | H66: 5 | I66: =VLOOKUP(B66,BRAND!B:D,3,FALSE) -> 9 | J66: =LEN(F66) -> 19 | M66: 1
A67: 3_FONTEINEN | PLUM | | B67: 3_FONTEINEN | C67: PLUM | F67: PLUM | H67: 5 | I67: =VLOOKUP(B67,BRAND!B:D,3,FALSE) -> 9 | J67: 4 | M67: 1
A68: 3_FONTEINEN | RED | | B68: 3_FONTEINEN | C68: RED | F68: RED | H68: 5 | I68: =VLOOKUP(B68,BRAND!B:D,3,FALSE) -> 9 | J68: 3 | M68: 1
A69: 3_HORSES | CORE | ZERO | B69: 3_HORSES | C69: CORE | F69: CORE | G69: ZERO | H69: 5 | I69: =VLOOKUP(B69,BRAND!B:D,3,FALSE) -> 5.5 | J69: 4 | M69: 1
A70: 3_MONTS | GRAND_RESERVE | | B70: 3_MONTS | C70: GRAND;RESERVE | F70: GRAND_RESERVE | H70: 5 | I70: =VLOOKUP(B70,BRAND!B:D,3,FALSE) -> 0 | J70: =LEN(F70) -> 13 | M70: 1
A71: 3_MONTS | CHAPELLE | | B71: 3_MONTS | C71: CHAPELLE | F71: CHAPELLE | H71: 5 | I71: =VLOOKUP(B71,BRAND!B:D,3,FALSE) -> 0 | J71: =LEN(F71) -> 8 | K71: BEER | L71: 0 | M71: 1
A72: 3_MONTS | TRIPEL | | B72: 3_MONTS | C72: TRIPEL | F72: TRIPEL | H72: 5 | I72: =VLOOKUP(B72,BRAND!B:D,3,FALSE) -> 0 | J72: =LEN(F72) -> 6 | K72: BEER | L72: 0 | M72: 1
A73: 3_MONTS | AMBREE | | B73: 3_MONTS | C73: AMBREE | F73: AMBREE | H73: 5 | I73: =VLOOKUP(B73,BRAND!B:D,3,FALSE) -> 0 | J73: 6 | M73: 1
A74: 3_MONTS | SAISON | | B74: 3_MONTS | C74: SAISON | F74: SAISON | H74: 5 | I74: =VLOOKUP(B74,BRAND!B:D,3,FALSE) -> 0 | J74: 6 | M74: 1
A75: 3_MONTS | BLONDE | | B75: 3_MONTS | C75: BLONDE | F75: BLONDE | H75: 5 | I75: =VLOOKUP(B75,BRAND!B:D,3,FALSE) -> 0 | J75: =LEN(F75) -> 6 | K75: BEER | L75: 0 | M75: 1
A76: 3_MONTS | SAISON | | B76: 3_MONTS | C76: SAISON | F76: SAISON | H76: 5 | I76: =VLOOKUP(B76,BRAND!B:D,3,FALSE) -> 0 | J76: =LEN(F76) -> 6 | K76: BEER | L76: 0 | M76: 1
A77: 3_MONTS | AMBREE | | B77: 3_MONTS | C77: AMBREE | F77: AMBREE | H77: 5 | I77: =VLOOKUP(B77,BRAND!B:D,3,FALSE) -> 0 | J77: =LEN(F77) -> 6 | K77: BEER | L77: 0 | M77: 1
A78: 3_MONTS | CORE | | B78: 3_MONTS | C78: CORE | F78: CORE | H78: 5 | I78: =VLOOKUP(B78,BRAND!B:D,3,FALSE) -> 0 | J78: 4 | M78: 1
A79: 3_MONTS | HERITAGE_BLONDE | | B79: 3_MONTS | C79: HERITAGE | D79: BLOND | F79: HERITAGE_BLONDE | H79: 5 | I79: =VLOOKUP(B79,BRAND!B:D,3,FALSE) -> 0 | J79: 0 | K79: BEER | L79: 0 | M79: 0
A80: 3_MONTS | HERITAGE_TRIPLE | | B80: 3_MONTS | C80: HERITAGE | D80: TRIPEL | F80: HERITAGE_TRIPLE | H80: 5 | I80: =VLOOKUP(B80,BRAND!B:D,3,FALSE) -> 0 | J80: 0 | K80: BEER | L80: 0 | M80: 0
A81: 3_SCHTENG | CORE | | B81: 3_SCHTENG | C81: CORE | F81: CORE | H81: 5 | I81: =VLOOKUP(B81,BRAND!B:D,3,FALSE) -> 5.5 | J81: 4 | M81: 1
A82: 421_PINTJE | CORE | | B82: 421_PINTJE | C82: CORE | F82: CORE | H82: 5 | I82: =VLOOKUP(B82,BRAND!B:D,3,FALSE) -> 5.5 | J82: 4 | M82: 1
A83: 4KNT | TRIPEL | | B83: 4KNT | C83: TRIPEL | F83: TRIPEL | H83: 5 | I83: =VLOOKUP(B83,BRAND!B:D,3,FALSE) -> 9 | J83: 6 | K83: BEER | M83: 0
A84: 5_QUINTO | CORE | | B84: 5_QUINTO | C84: CORE | F84: CORE | H84: 5 | I84: =VLOOKUP(B84,BRAND!B:D,3,FALSE) -> 5.5 | J84: 4 | M84: 1
A85: 6_ROSES | ROSE | ZERO | B85: 6_ROSES | C85: ROSE | F85: ROSE | G85: ZERO | H85: 6 | I85: =VLOOKUP(B85,BRAND!B:D,3,FALSE) -> 9 | J85: 4 | K85: BEER | M85: 0
A86: 7_COLLINES | SEVEN_P_HILLS | | B86: 7_COLLINES | C86: HILLS | F86: SEVEN_P_HILLS | H86: 5 | I86: =VLOOKUP(B86,BRAND!B:D,3,FALSE) -> 0 | J86: =LEN(F86) -> 13 | K86: BEER | L86: 0 | M86: 1
A87: 7_COLLINES | MALT_O_CRANE | | B87: 7_COLLINES | C87: CRANE | F87: MALT_O_CRANE | H87: 5 | I87: =VLOOKUP(B87,BRAND!B:D,3,FALSE) -> 0 | J87: =LEN(F87) -> 12 | K87: BEER | L87: 0 | M87: 1
A88: 7_COLLINES | ENFET_AMINE | | B88: 7_COLLINES | C88: AMINE | F88: ENFET_AMINE | H88: 5 | I88: =VLOOKUP(B88,BRAND!B:D,3,FALSE) -> 0 | J88: =LEN(F88) -> 11 | K88: BEER | L88: 0 | M88: 1
A89: 7_COLLINES | ORGASM_IQUE | | B89: 7_COLLINES | C89: ORGASM | F89: ORGASM_IQUE | H89: 5 | I89: =VLOOKUP(B89,BRAND!B:D,3,FALSE) -> 0 | J89: =LEN(F89) -> 11 | K89: BEER | L89: 0 | M89: 1
A90: 7_COLLINES | HEROINE | | B90: 7_COLLINES | C90: HEROINE | F90: HEROINE | H90: 5 | I90: =VLOOKUP(B90,BRAND!B:D,3,FALSE) -> 0 | J90: =LEN(F90) -> 7 | K90: BEER | L90: 0 | M90: 1
A91: 7PK | CORE | | B91: 7PK | C91: CORE | F91: CORE | H91: 5 | I91: =VLOOKUP(B91,BRAND!B:D,3,FALSE) -> 5.5 | J91: 4 | M91: 1
A92: 7UP | BLACKCURRANT | | B92: 7UP | C92: BLACKCURRANT | F92: BLACKCURRANT | H92: 5 | I92: =VLOOKUP(B92,BRAND!B:D,3,FALSE) -> 5 | J92: =LEN(F92) -> 12 | K92: SOFT_DRINKS | M92: 1
A93: 7UP | TONIC_WATER | | B93: 7UP | C93: TONIC_WATER | F93: TONIC_WATER | H93: 5 | I93: =VLOOKUP(B93,BRAND!B:D,3,FALSE) -> 5 | J93: =LEN(F93) -> 11 | K93: SOFT_DRINKS | M93: 1
A94: 7UP | LEMON | | B94: 7UP | C94: LEMON | F94: LEMON | H94: 5 | I94: =VLOOKUP(B94,BRAND!B:D,3,FALSE) -> 5 | J94: 5 | K94: SOFT_DRINKS | M94: 1
A95: 7UP | LEMON | ZERO | B95: 7UP | C95: CORE;LEMON | F95: CORE | G95: ZERO | H95: 6 | I95: =VLOOKUP(B95,BRAND!B:D,3,FALSE) -> 5 | J95: 4 | K95: SOFT_DRINKS | M95: 1
A96: 7UP | CORE | | B96: 7UP | C96: CORE | F96: CORE | H96: 15 | I96: =VLOOKUP(B96,BRAND!B:D,3,FALSE) -> 5 | J96: 4 | K96: SOFT_DRINKS | M96: 1
A97: 8_6 | ORIGINAL | | B97: 8_6 | C97: ORIGINAL;CORE | F97: ORIGINAL | H97: 5 | I97: =VLOOKUP(B97,BRAND!B:D,3,FALSE) -> 5 | J97: 8 | M97: 1
A98: 8_6 | EXTREME | | B98: 8_6 | C98: EXTREME | F98: EXTREME | H98: 5 | I98: =VLOOKUP(B98,BRAND!B:D,3,FALSE) -> 5 | J98: 7 | M98: 1
A99: 8_6 | CHERRY | | B99: 8_6 | C99: CHERRY; | F99: CHERRY | H99: 5 | I99: =VLOOKUP(B99,BRAND!B:D,3,FALSE) -> 5 | J99: 6 | M99: 1
A100: 8_6 | RED | | B100: 8_6 | C100: RED;AMBER | F100: CORE | H100: 5 | I100: =VLOOKUP(B100,BRAND!B:D,3,FALSE) -> 5 | J100: 4 | M100: 1
A101: 8_6 | GOLD | | B101: 8_6 | C101: GOLD | F101: GOLD | H101: 5 | I101: =VLOOKUP(B101,BRAND!B:D,3,FALSE) -> 5 | J101: 0 | K101: BEER | L101: 0 | M101: 0
A102: 8_6 | BLACK | | B102: 8_6 | C102: BLACK | F102: BLACK | H102: 5 | I102: =VLOOKUP(B102,BRAND!B:D,3,FALSE) -> 5 | J102: 0 | K102: BEER | L102: 0 | M102: 0
A103: 8_6 | IPA | | B103: 8_6 | C103: IPA | F103: IPA | H103: 5 | I103: =VLOOKUP(B103,BRAND!B:D,3,FALSE) -> 5 | J103: 0 | K103: BEER | L103: 0 | M103: 0
...

Sheet CATEGORY
A1: VALIDATION_CATEGORY | B1: CATEGORY | C1: CATEGORY_WILDCARD
A2: REFRESHING | B2: SOFT_DRINKS | C2: REGEX:(?<!_)SODA?(?!_);SOFTDRINKS;FRISDRANKEN;FRISSE_DRANKEN;
A3: REFRESHING | B3: JUICES | C3: SAPPEN;JUICES;SUMOS;SAPJES;FRUITSAPPEN;FRUITJUICES;JUS
A4: EXCLUDED | B4: TEAS | C4: THE;TEA;THEE
A5: EXCLUDED | B5: COFFEES | C5: COFFEE;COFFEES;KOFFIE
A6: REFRESHING | B6: KOMBUCHAS | C6: KOMBUCHA
A7: EXCLUDED | B7: CIDERS | C7: CIDER;
A8: EXCLUDED | B8: WHISKEYS | C8: WHISKEY;WHISKY;WISKEY
A9: EXCLUDED | B9: JENEVERS | C9: JENEVER
A10: REFRESHING | B10: WATERS | C10: WATERS;WATER;EAU;LEAU:DEAU
A11: REFRESHING | B11: MILKSHAKES | C11: MILKSHAKE;MILKSHAKES
A12: REFRESHING | B12: SMOOTHIES | C12: SMOOTHIE;SMOOTHIES
... A47: BEER | B47: BEER | C47: BIEREN;CERVEZAS;REGEX:(?:(?<=_)|^)BEER?(?=(?:_|$));REGEX:(?<!_)BEER?(?!_);REGEX:(?:(?<=_)|^)BIER?(?=(?:_|$));REGEX:(?<!_)BIER?(?!_);BIER;HUISBIEREN;KASTEELBIER;BLOND;BLONDES;BLONDE;BRUNE;BLANCHE;BIERTJES;WITBIER;GEUZE;BIERLIJST;DONKER;AMBER;STOUT;TRIPEL;IPA;FLESBIEREN;FRUITBIER;FLESBIER;SUGGESTIEBIER;SUGGESTIEBIEREN;BIERES;BIÈRES;STREEKBIREN;BIERE;BEER;BEERS;TRAPPIST;TAP;TAPS;DRAFT;VAT;FÛT;KLASSIEKERS OP FLES;STELLA ARTOIS;DE MEESTER (ASSORTIMENT KAN WIJZIGEN);BLÛND VAN 'T FLESKE.;VAN HET VAAT.;ZOOR & ZEUT VAN _X0019_T FLESKE.;ROCHEFORT 10;ORVAL;WESTMALLE DUBBEL;WESTMALLE EXTRA;AU F˚T.;BI»RES

Sheet HUISMERK
F1: 1 | G1: 2 | H1: 3 | I1: 4 | J1: 5 | K1: 6 | L1: 7 | M1: 8 | N1: 9 | O1: 10 | P1: 11 | Q1: 12 | R1: 13 | S1: 1 | T1: 2 | U1: 3 | V1: 4 | W1: 5 | X1: 6 | Y1: 7 | Z1: 8 | AA1: 9 | AB1: 10 | AC1: 11 | AD1: 12 | AE1: 13
A2: AH | B2: _ | C2: JUICE | D2: =A2&B2&C2 -> AH_JUICE | E2: =_xlfn.TEXTJOIN(";",TRUE,F2:R2) -> AH_APPELSAP;AH_VERS_GEPERSTE;AH_TOMATENSAP;AH_ANANASSAP;AH_SINAASAPPELSAP | F2: =IF(S2="","",$A2&$B2&S2) -> AH_APPELSAP | G2: =IF(T2="","",$A2&$B2&T2) -> AH_VERS_GEPERSTE | H2: =IF(U2="","",$A2&$B2&U2) -> AH_TOMATENSAP | I2: =IF(V2="","",$A2&$B2&V2) -> AH_ANANASSAP | J2: =IF(W2="","",$A2&$B2&W2) -> AH_SINAASAPPELSAP | K2: =IF(X2="","",$A2&$B2&X2) | L2: =IF(Y2="","",$A2&$B2&Y2) | M2: =IF(Z2="","",$A2&$B2&Z2) | ... R2: =IF(AE2="","",$A2&$B2&AE2) | S2: APPELSAP | T2: VERS_GEPERSTE | U2: TOMATENSAP | V2: ANANASSAP | W2: SINAASAPPELSAP
A3: AH | B3: _ | C3: COLA | D3: =A3&B3&C3 -> AH_COLA | E3: =_xlfn.TEXTJOIN(";",TRUE,F3:R3) | F3: =IF(S3="","",$A3&$B3&S3) | G3: =IF(T3="","",$A3&$B3&T3) | H3: =IF(U3="","",$A3&$B3&U3) | I3: =IF(V3="","",$A3&$B3&V3) | J3: =IF(W3="","",$A3&$B3&W3) | K3: =IF(X3="","",$A3&$B3&X3) | L3: =IF(Y3="","",$A3&$B3&Y3) | M3: =IF(Z3="","",$A3&$B3&Z3) | ... R3: =IF(AE3="","",$A3&$B3&AE3)
A4: AH | B4: _ | C4: SPORTDRINK | D4: =A4&B4&C4 -> AH_SPORTDRINK | E4: =_xlfn.TEXTJOIN(";",TRUE,F4:R4) | F4: =IF(S4="","",$A4&$B4&S4) | G4: =IF(T4="","",$A4&$B4&T4) | H4: =IF(U4="","",$A4&$B4&U4) | I4: =IF(V4="","",$A4&$B4&V4) | J4: =IF(W4="","",$A4&$B4&W4) | K4: =IF(X4="","",$A4&$B4&X4) | L4: =IF(Y4="","",$A4&$B4&Y4) | M4: =IF(Z4="","",$A4&$B4&Z4) | ... R4: =IF(AE4="","",$A4&$B4&AE4)
A5: AH | B5: _ | C5: JUICE | D5: =A5&B5&C5 -> AH_JUICE | E5: =_xlfn.TEXTJOIN(";",TRUE,F5:R5) | F5: =IF(S5="","",$A5&$B5&S5) | G5: =IF(T5="","",$A5&$B5&T5) | H5: =IF(U5="","",$A5&$B5&U5) | I5: =IF(V5="","",$A5&$B5&V5) | J5: =IF(W5="","",$A5&$B5&W5) | K5: =IF(X5="","",$A5&$B5&X5) | L5: =IF(Y5="","",$A5&$B5&Y5) | M5: =IF(Z5="","",$A5&$B5&Z5) | ... R5: =IF(AE5="","",$A5&$B5&AE5)
A6: AH | B6: _ | C6: SMOOTHIE | D6: =A6&B6&C6 -> AH_SMOOTHIE | E6: =_xlfn.TEXTJOIN(";",TRUE,F6:R6) | F6: =IF(S6="","",$A6&$B6&S6) | G6: =IF(T6="","",$A6&$B6&T6) | H6: =IF(U6="","",$A6&$B6&U6) | I6: =IF(V6="","",$A6&$B6&V6) | J6: =IF(W6="","",$A6&$B6&W6) | K6: =IF(X6="","",$A6&$B6&X6) | L6: =IF(Y6="","",$A6&$B6&Y6) | M6: =IF(Z6="","",$A6&$B6&Z6) | ... R6: =IF(AE6="","",$A6&$B6&AE6)
A7: AH | B7: _ | C7: WATER | D7: =A7&B7&C7 -> AH_WATER | E7: =_xlfn.TEXTJOIN(";",TRUE,F7:R7) | F7: =IF(S7="","",$A7&$B7&S7) | G7: =IF(T7="","",$A7&$B7&T7) | H7: =IF(U7="","",$A7&$B7&U7) | I7: =IF(V7="","",$A7&$B7&V7) | J7: =IF(W7="","",$A7&$B7&W7) | K7: =IF(X7="","",$A7&$B7&X7) | L7: =IF(Y7="","",$A7&$B7&Y7) | M7: =IF(Z7="","",$A7&$B7&Z7) | ... R7: =IF(AE7="","",$A7&$B7&AE7)
A8: AH | B8: _ | C8: LEMONADE | D8: =A8&B8&C8 -> AH_LEMONADE | E8: =_xlfn.TEXTJOIN(";",TRUE,F8:R8) | F8: =IF(S8="","",$A8&$B8&S8) | G8: =IF(T8="","",$A8&$B8&T8) | H8: =IF(U8="","",$A8&$B8&U8) | I8: =IF(V8="","",$A8&$B8&V8) | J8: =IF(W8="","",$A8&$B8&W8) | K8: =IF(X8="","",$A8&$B8&X8) | L8: =IF(Y8="","",$A8&$B8&Y8) | M8: =IF(Z8="","",$A8&$B8&Z8) | ... R8: =IF(AE8="","",$A8&$B8&AE8)
A9: AH | B9: _ | C9: SHOTS | D9: =A9&B9&C9 -> AH_SHOTS | E9: =_xlfn.TEXTJOIN(";",TRUE,F9:R9) | F9: =IF(S9="","",$A9&$B9&S9) | G9: =IF(T9="","",$A9&$B9&T9) | H9: =IF(U9="","",$A9&$B9&U9) | I9: =IF(V9="","",$A9&$B9&V9) | J9: =IF(W9="","",$A9&$B9&W9) | K9: =IF(X9="","",$A9&$B9&X9) | L9: =IF(Y9="","",$A9&$B9&Y9) | M9: =IF(Z9="","",$A9&$B9&Z9) | ... R9: =IF(AE9="","",$A9&$B9&AE9)
A10: AH | B10: _ | C10: GRENADINE | D10: =A10&B10&C10 -> AH_GRENADINE | E10: =_xlfn.TEXTJOIN(";",TRUE,F10:R10) | F10: =IF(S10="","",$A10&$B10&S10) | G10: =IF(T10="","",$A10&$B10&T10) | H10: =IF(U10="","",$A10&$B10&U10) | I10: =IF(V10="","",$A10&$B10&V10) | J10: =IF(W10="","",$A10&$B10&W10) | K10: =IF(X10="","",$A10&$B10&X10) | L10: =IF(Y10="","",$A10&$B10&Y10) | M10: =IF(Z10="","",$A10&$B10&Z10) | ... R10: =IF(AE10="","",$A10&$B10&AE10)
A11: AH | B11: _ | C11: YOGURT | D11: =A11&B11&C11 -> AH_YOGURT | E11: =_xlfn.TEXTJOIN(";",TRUE,F11:R11) | F11: =IF(S11="","",$A11&$B11&S11) | G11: =IF(T11="","",$A11&$B11&T11) | H11: =IF(U11="","",$A11&$B11&U11) | I11: =IF(V11="","",$A11&$B11&V11) | J11: =IF(W11="","",$A11&$B11&W11) | K11: =IF(X11="","",$A11&$B11&X11) | L11: =IF(Y11="","",$A11&$B11&Y11) | M11: =IF(Z11="","",$A11&$B11&Z11) | ... R11: =IF(AE11="","",$A11&$B11&AE11)
A12: AH | B12: _ | C12: GINGER_DRINK | D12: =A12&B12&C12 -> AH_GINGER_DRINK | E12: =_xlfn.TEXTJOIN(";",TRUE,F12:R12) | F12: =IF(S12="","",$A12&$B12&S12) | G12: =IF(T12="","",$A12&$B12&T12) | H12: =IF(U12="","",$A12&$B12&U12) | I12: =IF(V12="","",$A12&$B12&V12) | J12: =IF(W12="","",$A12&$B12&W12) | K12: =IF(X12="","",$A12&$B12&X12) | L12: =IF(Y12="","",$A12&$B12&Y12) | M12: =IF(Z12="","",$A12&$B12&Z12) | ... R12: =IF(AE12="","",$A12&$B12&AE12)
A13: AH | B13: _ | C13: ICE_TEA | D13: =A13&B13&C13 -> AH_ICE_TEA | E13: =_xlfn.TEXTJOIN(";",TRUE,F13:R13) | F13: =IF(S13="","",$A13&$B13&S13) | G13: =IF(T13="","",$A13&$B13&T13) | H13: =IF(U13="","",$A13&$B13&U13) | I13: =IF(V13="","",$A13&$B13&V13) | J13: =IF(W13="","",$A13&$B13&W13) | K13: =IF(X13="","",$A13&$B13&X13) | L13: =IF(Y13="","",$A13&$B13&Y13) | M13: =IF(Z13="","",$A13&$B13&Z13) | ... R13: =IF(AE13="","",$A13&$B13&AE13)
A14: AH | B14: _ | C14: REFRESHING | D14: =A14&B14&C14 -> AH_REFRESHING | E14: =_xlfn.TEXTJOIN(";",TRUE,F14:R14) | F14: =IF(S14="","",$A14&$B14&S14) | G14: =IF(T14="","",$A14&$B14&T14) | H14: =IF(U14="","",$A14&$B14&U14) | I14: =IF(V14="","",$A14&$B14&V14) | J14: =IF(W14="","",$A14&$B14&W14) | K14: =IF(X14="","",$A14&$B14&X14) | L14: =IF(Y14="","",$A14&$B14&Y14) | M14: =IF(Z14="","",$A14&$B14&Z14) | ... R14: =IF(AE14="","",$A14&$B14&AE14)
A15: AH | B15: _ | C15: VITAMIN_DRINK | D15: =A15&B15&C15 -> AH_VITAMIN_DRINK | E15: =_xlfn.TEXTJOIN(";",TRUE,F15:R15) -> AH_VITAMIN_DRINK | F15: =IF(S15="","",$A15&$B15&S15) -> AH_VITAMIN_DRINK | G15: =IF(T15="","",$A15&$B15&T15) | H15: =IF(U15="","",$A15&$B15&U15) | I15: =IF(V15="","",$A15&$B15&V15) | J15: =IF(W15="","",$A15&$B15&W15) | K15: =IF(X15="","",$A15&$B15&X15) | L15: =IF(Y15="","",$A15&$B15&Y15) | M15: =IF(Z15="","",$A15&$B15&Z15) | ... R15: =IF(AE15="","",$A15&$B15&AE15) | S15: VITAMIN_DRINK
A16: AH | B16: _ | C16: ENERGY_DRINK | D16: =A16&B16&C16 -> AH_ENERGY_DRINK | E16: =_xlfn.TEXTJOIN(";",TRUE,F16:R16) | F16: =IF(S16="","",$A16&$B16&S16) | G16: =IF(T16="","",$A16&$B16&T16) | H16: =IF(U16="","",$A16&$B16&U16) | I16: =IF(V16="","",$A16&$B16&V16) | J16: =IF(W16="","",$A16&$B16&W16) | K16: =IF(X16="","",$A16&$B16&X16) | L16: =IF(Y16="","",$A16&$B16&Y16) | M16: =IF(Z16="","",$A16&$B16&Z16) | ... R16: =IF(AE16="","",$A16&$B16&AE16)
A17: AH | B17: _ | C17: MILK_DRINK | D17: =A17&B17&C17 -> AH_MILK_DRINK | E17: =_xlfn.TEXTJOIN(";",TRUE,F17:R17) | F17: =IF(S17="","",$A17&$B17&S17) | G17: =IF(T17="","",$A17&$B17&T17) | H17: =IF(U17="","",$A17&$B17&U17) | I17: =IF(V17="","",$A17&$B17&V17) | J17: =IF(W17="","",$A17&$B17&W17) | K17: =IF(X17="","",$A17&$B17&X17) | L17: =IF(Y17="","",$A17&$B17&Y17) | M17: =IF(Z17="","",$A17&$B17&Z17) | ... R17: =IF(AE17="","",$A17&$B17&AE17)
A18: AH | B18: _ | C18: TONIC | D18: =A18&B18&C18 -> AH_TONIC | E18: =_xlfn.TEXTJOIN(";",TRUE,F18:R18) | F18: =IF(S18="","",$A18&$B18&S18) | G18: =IF(T18="","",$A18&$B18&T18) | H18: =IF(U18="","",$A18&$B18&U18) | I18: =IF(V18="","",$A18&$B18&V18) | J18: =IF(W18="","",$A18&$B18&W18) | K18: =IF(X18="","",$A18&$B18&X18) | L18: =IF(Y18="","",$A18&$B18&Y18) | M18: =IF(Z18="","",$A18&$B18&Z18) | ... R18: =IF(AE18="","",$A18&$B18&AE18)

Sheet Sheet1
A1: KEY | B1: BRAND | C1: TAG_WILDCARDS | D1: KEY_TAG | E1: ZERO | F1: PRIORITY | H1: TAG1 | I1: TAG2 | J1: TAG3 | K1: TAG4 | L1: TAG5 | M1: TAG6 | N1: TAG7
A2: =B2&" | "&D2&" | "&E2 -> BEER_GEN | ALTBIER > STICKE | | B2: BEER_GEN | C2: =_xlfn.TEXTJOIN(";",TRUE,D2,H2:N2) -> ALTBIER > STICKE | D2: ALTBIER > STICKE | F2: 3001 | O2: BEER_GEN | CHERRY |
A3: =B3&" | "&D3&" | "&E3 -> BEER_GEN | ALTBIER > TRADITIONAL | | B3: BEER_GEN | C3: =_xlfn.TEXTJOIN(";",TRUE,D3,H3:N3) -> ALTBIER > TRADITIONAL | D3: ALTBIER > TRADITIONAL | F3: 3002 | O3: BEER_GEN | DUBBEL |
A4: =B4&" | "&D4&" | "&E4 -> BEER_GEN | AUSTRALIAN_SPARKLING_ALE | | B4: BEER_GEN | C4: =_xlfn.TEXTJOIN(";",TRUE,D4,H4:N4) -> AUSTRALIAN_SPARKLING_ALE | D4: AUSTRALIAN_SPARKLING_ALE | F4: 3003 | O4: BEER_GEN | RADLER |
A5: =B5&" | "&D5&" | "&E5 -> BEER_GEN | BARLEYWINE > AMERICAN | | B5: BEER_GEN | C5: =_xlfn.TEXTJOIN(";",TRUE,D5,H5:N5) -> BARLEYWINE > AMERICAN | D5: BARLEYWINE > AMERICAN | F5: 3004 | O5: BEER_GEN | TRIPEL |
A6: =B6&" | "&D6&" | "&E6 -> BEER_GEN | BARLEYWINE > ENGLISH | | B6: BEER_GEN | C6: =_xlfn.TEXTJOIN(";",TRUE,D6,H6:N6) -> BARLEYWINE > ENGLISH | D6: BARLEYWINE > ENGLISH | F6: 3005 | O6: BEER_GEN | AMBER |
A7: =B7&" | "&D7&" | "&E7 -> BEER_GEN | BARLEYWINE > OTHER | | B7: BEER_GEN | C7: =_xlfn.TEXTJOIN(";",TRUE,D7,H7:N7) -> BARLEYWINE > OTHER | D7: BARLEYWINE > OTHER | F7: 3006 | O7: BEER_GEN | BLOND |
A8: =B8&" | "&D8&" | "&E8 -> BEER_GEN | BELGIAN_BLONDE | | B8: BEER_GEN | C8: =_xlfn.TEXTJOIN(";",TRUE,D8,H8:N8) -> BELGIAN_BLONDE | D8: BELGIAN_BLONDE | F8: 3007 | O8: BEER_GEN | GREEN |
A9: =B9&" | "&D9&" | "&E9 -> BEER_GEN | BELGIAN_DUBBEL | | B9: BEER_GEN | C9: =_xlfn.TEXTJOIN(";",TRUE,D9,H9:N9) -> BELGIAN_DUBBEL;DUBBEL | D9: BELGIAN_DUBBEL | F9: 3008 | H9: DUBBEL | O9: BEER_GEN | HONEY |
A10: =B10&" | "&D10&" | "&E10 -> BEER_GEN | BELGIAN_ENKEL_/_PATERSBIER | | B10: BEER_GEN | C10: =_xlfn.TEXTJOIN(";",TRUE,D10,H10:N10) -> BELGIAN_ENKEL_/_PATERSBIER;ENKEL;PATERSBIER | D10: BELGIAN_ENKEL_/_PATERSBIER | F10: 3009 | H10: ENKEL | I10: PATERSBIER | O10: BEER_GEN | LIGHT |
A11: =B11&" | "&D11&" | "&E11 -> BEER_GEN | BELGIAN_QUADRUPEL | | B11: BEER_GEN | C11: =_xlfn.TEXTJOIN(";",TRUE,D11,H11:N11) -> BELGIAN_QUADRUPEL;QUADRUPEL | D11: BELGIAN_QUADRUPEL | F11: 3010 | H11: QUADRUPEL | O11: BEER_GEN | PEACH |
A12: =B12&" | "&D12&" | "&E12 -> BEER_GEN | BELGIAN_STRONG_DARK_ALE | | B12: BEER_GEN | C12: =_xlfn.TEXTJOIN(";",TRUE,D12,H12:N12) -> BELGIAN_STRONG_DARK_ALE | D12: BELGIAN_STRONG_DARK_ALE | F12: 3011 | O12: BEER_GEN | WHEAT |
A13: =B13&" | "&D13&" | "&E13 -> BEER_GEN | BELGIAN_STRONG_GOLDEN_ALE | | B13: BEER_GEN | C13: =_xlfn.TEXTJOIN(";",TRUE,D13,H13:N13) -> BELGIAN_STRONG_GOLDEN_ALE | D13: BELGIAN_STRONG_GOLDEN_ALE | F13: 3012 | O13: BEER_GEN | WHITE |
A14: =B14&" | "&D14&" | "&E14 -> BEER_GEN | BELGIAN_TRIPEL | | B14: BEER_GEN | C14: =_xlfn.TEXTJOIN(";",TRUE,D14,H14:N14) -> BELGIAN_TRIPEL;TRIPEL | D14: BELGIAN_TRIPEL | F14: 3013 | H14: TRIPEL | O14: BEER_GEN | BOCK |
A15: =B15&" | "&D15&" | "&E15 -> BEER_GEN | BIERE_DE_CHAMPAGNE_/_BIERE_BRUT | | B15: BEER_GEN | C15: =_xlfn.TEXTJOIN(";",TRUE,D15,H15:N15) -> BIERE_DE_CHAMPAGNE_/_BIERE_BRUT;BRUT;CHAMPAGNE | D15: BIERE_DE_CHAMPAGNE_/_BIERE_BRUT | F15: 3014 | H15: BRUT | I15: CHAMPAGNE | O15: BEER_GEN | ROSE |
A16: =B16&" | "&D16&" | "&E16 -> BEER_GEN | BITTER > BEST | | B16: BEER_GEN | C16: =_xlfn.TEXTJOIN(";",TRUE,D16,H16:N16) -> BITTER > BEST | D16: BITTER > BEST | F16: 3015 | O16: BEER_GEN | RUBY |
A17: =B17&" | "&D17&" | "&E17 -> BEER_GEN | BITTER > EXTRA_SPECIAL_/_STRONG_(ESB) | | B17: BEER_GEN | C17: =_xlfn.TEXTJOIN(";",TRUE,D17,H17:N17) -> BITTER > EXTRA_SPECIAL_/_STRONG_(ESB) | D17: BITTER > EXTRA_SPECIAL_/_STRONG_(ESB) | F17: 3016 | O17: BEER_GEN | WILD |
A18: =B18&" | "&D18&" | "&E18 -> BEER_GEN | BITTER > SESSION_/_ORDINARY | | B18: BEER_GEN | C18: =_xlfn.TEXTJOIN(";",TRUE,D18,H18:N18) -> BITTER > SESSION_/_ORDINARY | D18: BITTER > SESSION_/_ORDINARY | F18: 3017 | O18: BEER_GEN | IPA |
A19: =B19&" | "&D19&" | "&E19 -> BEER_GEN | BLACK_&_TAN | | B19: BEER_GEN | C19: =_xlfn.TEXTJOIN(";",TRUE,D19,H19:N19) -> BLACK_&_TAN | D19: BLACK_&_TAN | F19: 3018 | O19: BEER_GEN | RED |
A20: =B20&" | "&D20&" | "&E20 -> BEER_GEN | BLONDE_/_GOLDEN_ALE > AMERICAN | | B20: BEER_GEN | C20: =_xlfn.TEXTJOIN(";",TRUE,D20,H20:N20) -> BLONDE_/_GOLDEN_ALE > AMERICAN | D20: BLONDE_/_GOLDEN_ALE > AMERICAN | F20: 3019 | O20: BEER_GEN | CORE | ZERO
A21: =B21&" | "&D21&" | "&E21 -> BEER_GEN | BLONDE_/_GOLDEN_ALE > ENGLISH | | B21: BEER_GEN | C21: =_xlfn.TEXTJOIN(";",TRUE,D21,H21:N21) -> BLONDE_/_GOLDEN_ALE > ENGLISH | D21: BLONDE_/_GOLDEN_ALE > ENGLISH | F21: 3020 | O21: BEER_GEN | CORE |
A22: =B22&" | "&D22&" | "&E22 -> BEER_GEN | BLONDE_/_GOLDEN_ALE > OTHER | | B22: BEER_GEN | C22: =_xlfn.TEXTJOIN(";",TRUE,D22,H22:N22) -> BLONDE_/_GOLDEN_ALE > OTHER;BLOND | D22: BLONDE_/_GOLDEN_ALE > OTHER | F22: 3021 | H22: BLOND
A23: =B23&" | "&D23&" | "&E23 -> BEER_GEN | BOCK > DOPPELBOCK | | B23: BEER_GEN | C23: =_xlfn.TEXTJOIN(";",TRUE,D23,H23:N23) -> BOCK > DOPPELBOCK;DOPPELBOCK | D23: BOCK > DOPPELBOCK | F23: 3022 | H23: DOPPELBOCK
A24: =B24&" | "&D24&" | "&E24 -> BEER_GEN | BOCK > EISBOCK | | B24: BEER_GEN | C24: =_xlfn.TEXTJOIN(";",TRUE,D24,H24:N24) -> BOCK > EISBOCK;EISBOCK | D24: BOCK > EISBOCK | F24: 3023 | H24: EISBOCK
A25: =B25&" | "&D25&" | "&E25 -> BEER_GEN | BOCK > HELL_/_MAIBOCK_/_LENTEBOCK | | B25: BEER_GEN | C25: =_xlfn.TEXTJOIN(";",TRUE,D25,H25:N25) -> BOCK > HELL_/_MAIBOCK_/_LENTEBOCK;HELL;MAIBOCK;LENTEBOCK | D25: BOCK > HELL_/_MAIBOCK_/_LENTEBOCK | F25: 3024 | H25: HELL | I25: MAIBOCK | J25: LENTEBOCK
A26: =B26&" | "&D26&" | "&E26 -> BEER_GEN | BOCK > SINGLE_/_TRADITIONAL | | B26: BEER_GEN | C26: =_xlfn.TEXTJOIN(";",TRUE,D26,H26:N26) -> BOCK > SINGLE_/_TRADITIONAL;BOCK | D26: BOCK > SINGLE_/_TRADITIONAL | F26: 3025 | H26: BOCK
A27: =B27&" | "&D27&" | "&E27 -> BEER_GEN | BOCK > WEIZENBOCK | | B27: BEER_GEN | C27: =_xlfn.TEXTJOIN(";",TRUE,D27,H27:N27) -> BOCK > WEIZENBOCK;WEIZENBOCK | D27: BOCK > WEIZENBOCK | F27: 3026 | H27: WEIZENBOCK
A28: =B28&" | "&D28&" | "&E28 -> BEER_GEN | BOCK > WEIZENDOPPELBOCK | | B28: BEER_GEN | C28: =_xlfn.TEXTJOIN(";",TRUE,D28,H28:N28) -> BOCK > WEIZENDOPPELBOCK;WEIZENDOPPELBOCK | D28: BOCK > WEIZENDOPPELBOCK | F28: 3027 | H28: WEIZENDOPPELBOCK
A29: =B29&" | "&D29&" | "&E29 -> BEER_GEN | BRETT_BEER | | B29: BEER_GEN | C29: =_xlfn.TEXTJOIN(";",TRUE,D29,H29:N29) -> BRETT_BEER;BRETT | D29: BRETT_BEER | F29: 3028 | H29: BRETT
A30: =B30&" | "&D30&" | "&E30 -> BEER_GEN | BROWN_ALE > AMERICAN | | B30: BEER_GEN | C30: =_xlfn.TEXTJOIN(";",TRUE,D30,H30:N30) -> BROWN_ALE > AMERICAN | D30: BROWN_ALE > AMERICAN | F30: 3029
A31: =B31&" | "&D31&" | "&E31 -> BEER_GEN | BROWN_ALE > BELGIAN | | B31: BEER_GEN | C31: =_xlfn.TEXTJOIN(";",TRUE,D31,H31:N31) -> BROWN_ALE > BELGIAN | D31: BROWN_ALE > BELGIAN | F31: 3030
A32: =B32&" | "&D32&" | "&E32 -> BEER_GEN | BROWN_ALE > ENGLISH | | B32: BEER_GEN | C32: =_xlfn.TEXTJOIN(";",TRUE,D32,H32:N32) -> BROWN_ALE > ENGLISH | D32: BROWN_ALE > ENGLISH | F32: 3031
A33: =B33&" | "&D33&" | "&E33 -> BEER_GEN | BROWN_ALE > IMPERIAL_/_DOUBLE | | B33: BEER_GEN | C33: =_xlfn.TEXTJOIN(";",TRUE,D33,H33:N33) -> BROWN_ALE > IMPERIAL_/_DOUBLE | D33: BROWN_ALE > IMPERIAL_/_DOUBLE | F33: 3032
A34: =B34&" | "&D34&" | "&E34 -> BEER_GEN | BROWN_ALE > OTHER | | B34: BEER_GEN | C34: =_xlfn.TEXTJOIN(";",TRUE,D34,H34:N34) -> BROWN_ALE > OTHER;BROWN | D34: BROWN_ALE > OTHER | F34: 3033 | H34: BROWN
A35: =B35&" | "&D35&" | "&E35 -> BEER_GEN | CALIFORNIA_COMMON | | B35: BEER_GEN | C35: =_xlfn.TEXTJOIN(";",TRUE,D35,H35:N35) -> CALIFORNIA_COMMON | D35: CALIFORNIA_COMMON | F35: 3034
A36: =B36&" | "&D36&" | "&E36 -> BEER_GEN | CHILLI_/_CHILE_BEER | | B36: BEER_GEN | C36: =_xlfn.TEXTJOIN(";",TRUE,D36,H36:N36) -> CHILLI_/_CHILE_BEER | D36: CHILLI_/_CHILE_BEER | F36: 3035
A37: =B37&" | "&D37&" | "&E37 -> BEER_GEN | CIDER > APPLEWINE | | B37: BEER_GEN | C37: =_xlfn.TEXTJOIN(";",TRUE,D37,H37:N37) -> CIDER > APPLEWINE | D37: CIDER > APPLEWINE | F37: 3036
A38: =B38&" | "&D38&" | "&E38 -> BEER_GEN | CIDER > BASQUE | | B38: BEER_GEN | C38: =_xlfn.TEXTJOIN(";",TRUE,D38,H38:N38) -> CIDER > BASQUE | D38: CIDER > BASQUE | F38: 3037
A39: =B39&" | "&D39&" | "&E39 -> BEER_GEN | CIDER > DRY | | B39: BEER_GEN | C39: =_xlfn.TEXTJOIN(";",TRUE,D39,H39:N39) -> CIDER > DRY | D39: CIDER > DRY | F39: 3038
A40: =B40&" | "&D40&" | "&E40 -> BEER_GEN | CIDER > GRAFF | | B40: BEER_GEN | C40: =_xlfn.TEXTJOIN(";",TRUE,D40,H40:N40) -> CIDER > GRAFF | D40: CIDER > GRAFF | F40: 3039
A41: =B41&" | "&D41&" | "&E41 -> BEER_GEN | CIDER > HERBED_/_SPICED_/_HOPPED | | B41: BEER_GEN | C41: =_xlfn.TEXTJOIN(";",TRUE,D41,H41:N41) -> CIDER > HERBED_/_SPICED_/_HOPPED | D41: CIDER > HERBED_/_SPICED_/_HOPPED | F41: 3040
A42: =B42&" | "&D42&" | "&E42 -> BEER_GEN | CIDER > ICE | | B42: BEER_GEN | C42: =_xlfn.TEXTJOIN(";",TRUE,D42,H42:N42) -> CIDER > ICE | D42: CIDER > ICE | F42: 3041
A43: =B43&" | "&D43&" | "&E43 -> BEER_GEN | CIDER > OTHER_FRUIT | | B43: BEER_GEN | C43: =_xlfn.TEXTJOIN(";",TRUE,D43,H43:N43) -> CIDER > OTHER_FRUIT;CIDER | D43: CIDER > OTHER_FRUIT | F43: 3042 | H43: CIDER
A44: =B44&" | "&D44&" | "&E44 -> BEER_GEN | CIDER > PERRY_/_POIRE | | B44: BEER_GEN | C44: =_xlfn.TEXTJOIN(";",TRUE,D44,H44:N44) -> CIDER > PERRY_/_POIRE | D44: CIDER > PERRY_/_POIRE | F44: 3043
A45: =B45&" | "&D45&" | "&E45 -> BEER_GEN | CIDER > ROSE | | B45: BEER_GEN | C45: =_xlfn.TEXTJOIN(";",TRUE,D45,H45:N45) -> CIDER > ROSE | D45: CIDER > ROSE | F45: 3044
A46: =B46&" | "&D46&" | "&E46 -> BEER_GEN | CIDER > SWEET | | B46: BEER_GEN | C46: =_xlfn.TEXTJOIN(";",TRUE,D46,H46:N46) -> CIDER > SWEET | D46: CIDER > SWEET | F46: 3045
A47: =B47&" | "&D47&" | "&E47 -> BEER_GEN | CIDER > TRADITIONAL_/_APFELWEIN | | B47: BEER_GEN | C47: =_xlfn.TEXTJOIN(";",TRUE,D47,H47:N47) -> CIDER > TRADITIONAL_/_APFELWEIN | D47: CIDER > TRADITIONAL_/_APFELWEIN | F47: 3046
A48: =B48&" | "&D48&" | "&E48 -> BEER_GEN | CORN_BEER_/_CHICHA_DE_JORA | | B48: BEER_GEN | C48: =_xlfn.TEXTJOIN(";",TRUE,D48,H48:N48) -> CORN_BEER_/_CHICHA_DE_JORA | D48: CORN_BEER_/_CHICHA_DE_JORA | F48: 3047
A49: =B49&" | "&D49&" | "&E49 -> BEER_GEN | CREAM_ALE | | B49: BEER_GEN | C49: =_xlfn.TEXTJOIN(";",TRUE,D49,H49:N49) -> CREAM_ALE | D49: CREAM_ALE | F49: 3048
A50: =B50&" | "&D50&" | "&E50 -> BEER_GEN | CREAM_ALE > IMPERIAL_/_DOUBLE | | B50: BEER_GEN | C50: =_xlfn.TEXTJOIN(";",TRUE,D50,H50:N50) -> CREAM_ALE > IMPERIAL_/_DOUBLE | D50: CREAM_ALE > IMPERIAL_/_DOUBLE | F50: 3049
A51: =B51&" | "&D51&" | "&E51 -> BEER_GEN | DARK_ALE | | B51: BEER_GEN | C51: =_xlfn.TEXTJOIN(";",TRUE,D51,H51:N51) -> DARK_ALE | D51: DARK_ALE | F51: 3050
A52: =B52&" | "&D52&" | "&E52 -> BEER_GEN | FARMHOUSE_ALE > BIERE_DE_COUPAGE | | B52: BEER_GEN | C52: =_xlfn.TEXTJOIN(";",TRUE,D52,H52:N52) -> FARMHOUSE_ALE > BIERE_DE_COUPAGE | D52: FARMHOUSE_ALE > BIERE_DE_COUPAGE | F52: 3051
A53: =B53&" | "&D53&" | "&E53 -> BEER_GEN | FARMHOUSE_ALE > BIERE_DE_GARDE | | B53: BEER_GEN | C53: =_xlfn.TEXTJOIN(";",TRUE,D53,H53:N53) -> FARMHOUSE_ALE > BIERE_DE_GARDE | D53: FARMHOUSE_ALE > BIERE_DE_GARDE | F53: 3052
A54: =B54&" | "&D54&" | "&E54 -> BEER_GEN | FARMHOUSE_ALE > BIERE_DE_MARS | | B54: BEER_GEN | C54: =_xlfn.TEXTJOIN(";",TRUE,D54,H54:N54) -> FARMHOUSE_ALE > BIERE_DE_MARS | D54: FARMHOUSE_ALE > BIERE_DE_MARS | F54: 3053
A55: =B55&" | "&D55&" | "&E55 -> BEER_GEN | FARMHOUSE_ALE > BRETT | | B55: BEER_GEN | C55: =_xlfn.TEXTJOIN(";",TRUE,D55,H55:N55) -> FARMHOUSE_ALE > BRETT | D55: FARMHOUSE_ALE > BRETT | F55: 3054
... A63: =B63&" | "&D63&" | "&E63 -> BEER_GEN | FREEZE-DISTILLED_BEER | | B63: BEER_GEN | C63: =_xlfn.TEXTJOIN(";",TRUE,D63,H63:N63) -> FREEZE-DISTILLED_BEER | D63: FREEZE-DISTILLED_BEER | F63: 3062
A64: =B64&" | "&D64&" | "&E64 -> BEER_GEN | FRUIT_BEER | | B64: BEER_GEN | C64: =_xlfn.TEXTJOIN(";",TRUE,D64,H64:N64) -> FRUIT_BEER;RUBY;CHERRY;GRAPEFRUIT;PASSION;RASPBERRY;PEACH | D64: FRUIT_BEER | F64: 3063 | H64: RUBY;CHERRY;GRAPEFRUIT;PASSION;RASPBERRY;PEACH
A65: =B65&" | "&D65&" | "&E65 -> BEER_GEN | GLUTEN-FREE | | B65: BEER_GEN | C65: =_xlfn.TEXTJOIN(";",TRUE,D65,H65:N65) -> GLUTEN-FREE | D65: GLUTEN-FREE | F65: 3064
A66: =B66&" | "&D66&" | "&E66 -> BEER_GEN | GOLDEN_ALE > UKRAINIAN | | B66: BEER_GEN | C66: =_xlfn.TEXTJOIN(";",TRUE,D66,H66:N66) -> GOLDEN_ALE > UKRAINIAN | D66: GOLDEN_ALE > UKRAINIAN | F66: 3065
A67: =B67&" | "&D67&" | "&E67 -> BEER_GEN | GRAPE_ALE > ITALIAN | | B67: BEER_GEN | C67: =_xlfn.TEXTJOIN(";",TRUE,D67,H67:N67) -> GRAPE_ALE > ITALIAN | D67: GRAPE_ALE > ITALIAN | F67: 3066
A68: =B68&" | "&D68&" | "&E68 -> BEER_GEN | GRAPE_ALE > OTHER | | B68: BEER_GEN | C68: =_xlfn.TEXTJOIN(";",TRUE,D68,H68:N68) -> GRAPE_ALE > OTHER | D68: GRAPE_ALE > OTHER | F68: 3067
A69: =B69&" | "&D69&" | "&E69 -> BEER_GEN | GRODZISKIE_/_GRATZER | | B69: BEER_GEN | C69: =_xlfn.TEXTJOIN(";",TRUE,D69,H69:N69) -> GRODZISKIE_/_GRATZER | D69: GRODZISKIE_/_GRATZER | F69: 3068
A70: =B70&" | "&D70&" | "&E70 -> BEER_GEN | HAPPOSHU | | B70: BEER_GEN | C70: =_xlfn.TEXTJOIN(";",TRUE,D70,H70:N70) -> HAPPOSHU | D70: HAPPOSHU | F70: 3069
A71: =B71&" | "&D71&" | "&E71 -> BEER_GEN | HARD_GINGER_BEER | | B71: BEER_GEN | C71: =_xlfn.TEXTJOIN(";",TRUE,D71,H71:N71) -> HARD_GINGER_BEER | D71: HARD_GINGER_BEER | F71: 3070
A72: =B72&" | "&D72&" | "&E72 -> BEER_GEN | HARD_KOMBUCHA_/_JUN | | B72: BEER_GEN | C72: =_xlfn.TEXTJOIN(";",TRUE,D72,H72:N72) -> HARD_KOMBUCHA_/_JUN | D72: HARD_KOMBUCHA_/_JUN | F72: 3071
A73: =B73&" | "&D73&" | "&E73 -> BEER_GEN | HARD_SELTZER | | B73: BEER_GEN | C73: =_xlfn.TEXTJOIN(";",TRUE,D73,H73:N73) -> HARD_SELTZER | D73: HARD_SELTZER | F73: 3072
A74: =B74&" | "&D74&" | "&E74 -> BEER_GEN | HISTORICAL_BEER > ADAMBIER | | B74: BEER_GEN | C74: =_xlfn.TEXTJOIN(";",TRUE,D74,H74:N74) -> HISTORICAL_BEER > ADAMBIER | D74: HISTORICAL_BEER > ADAMBIER | F74: 3073
A75: =B75&" | "&D75&" | "&E75 -> BEER_GEN | HISTORICAL_BEER > BERLINER_BRAUNBIER | | B75: BEER_GEN | C75: =_xlfn.TEXTJOIN(";",TRUE,D75,H75:N75) -> HISTORICAL_BEER > BERLINER_BRAUNBIER | D75: HISTORICAL_BEER > BERLINER_BRAUNBIER | F75: 3074
A76: =B76&" | "&D76&" | "&E76 -> BEER_GEN | HISTORICAL_BEER > BROYHAN | | B76: BEER_GEN | C76: =_xlfn.TEXTJOIN(";",TRUE,D76,H76:N76) -> HISTORICAL_BEER > BROYHAN | D76: HISTORICAL_BEER > BROYHAN | F76: 3075
... A106: =B106&" | "&D106&" | "&E106 -> BEER_GEN | IPA > NEW_ZEALAND | | B106: BEER_GEN | C106: =_xlfn.TEXTJOIN(";",TRUE,D106,H106:N106) -> IPA > NEW_ZEALAND | D106: IPA > NEW_ZEALAND | F106: 3105
A107: =B107&" | "&D107&" | "&E107 -> BEER_GEN | IPA > OTHER | | B107: BEER_GEN | C107: =_xlfn.TEXTJOIN(";",TRUE,D107,H107:N107) -> IPA > OTHER;IPA | D107: IPA > OTHER | F107: 3106 | H107: IPA
A108: =B108&" | "&D108&" | "&E108 -> BEER_GEN | IPA > QUADRUPLE | | B108: BEER_GEN | C108: =_xlfn.TEXTJOIN(";",TRUE,D108,H108:N108) -> IPA > QUADRUPLE | D108: IPA > QUADRUPLE | F108: 3107
A109: =B109&" | "&D109&" | "&E109 -> BEER_GEN | IPA > RED | | B109: BEER_GEN | C109: =_xlfn.TEXTJOIN(";",TRUE,D109,H109:N109) -> IPA > RED | D109: IPA > RED | F109: 3108
A110: =B110&" | "&D110&" | "&E110 -> BEER_GEN | IPA > RYE | | B110: BEER_GEN | C110: =_xlfn.TEXTJOIN(";",TRUE,D110,H110:N110) -> IPA > RYE | D110: IPA > RYE | F110: 3109
A111: =B111&" | "&D111&" | "&E111 -> BEER_GEN | IPA > SESSION | | B111: BEER_GEN | C111: =_xlfn.TEXTJOIN(";",TRUE,D111,H111:N111) -> IPA > SESSION | D111: IPA > SESSION | F111: 3110
A112: =B112&" | "&D112&" | "&E112 -> BEER_GEN | IPA > SOUR | | B112: BEER_GEN | C112: =_xlfn.TEXTJOIN(";",TRUE,D112,H112:N112) -> IPA > SOUR | D112: IPA > SOUR | F112: 3111
A113: =B113&" | "&D113&" | "&E113 -> BEER_GEN | IPA > TRIPLE | | B113: BEER_GEN | C113: =_xlfn.TEXTJOIN(";",TRUE,D113,H113:N113) -> IPA > TRIPLE | D113: IPA > TRIPLE | F113: 3112
A114: =B114&" | "&D114&" | "&E114 -> BEER_GEN | IPA > TRIPLE_NEW_ENGLAND_/_HAZY | | B114: BEER_GEN | C114: =_xlfn.TEXTJOIN(";",TRUE,D114,H114:N114) -> IPA > TRIPLE_NEW_ENGLAND_/_HAZY | D114: IPA > TRIPLE_NEW_ENGLAND_/_HAZY | F114: 3113
A115: =B115&" | "&D115&" | "&E115 -> BEER_GEN | IPA > WHITE_/_WHEAT | | B115: BEER_GEN | C115: =_xlfn.TEXTJOIN(";",TRUE,D115,H115:N115) -> IPA > WHITE_/_WHEAT | D115: IPA > WHITE_/_WHEAT | F115: 3114
A116: =B116&" | "&D116&" | "&E116 -> BEER_GEN | KELLERBIER_/_ZWICKELBIER | | B116: BEER_GEN | C116: =_xlfn.TEXTJOIN(";",TRUE,D116,H116:N116) -> KELLERBIER_/_ZWICKELBIER | D116: KELLERBIER_/_ZWICKELBIER | F116: 3115
A117: =B117&" | "&D117&" | "&E117 -> BEER_GEN | KOJI_/_GINJO_BEER | | B117: BEER_GEN | C117: =_xlfn.TEXTJOIN(";",TRUE,D117,H117:N117) -> KOJI_/_GINJO_BEER | D117: KOJI_/_GINJO_BEER | F117: 3116
A118: =B118&" | "&D118&" | "&E118 -> BEER_GEN | KOLSCH | | B118: BEER_GEN | C118: =_xlfn.TEXTJOIN(";",TRUE,D118,H118:N118) -> KOLSCH | D118: KOLSCH | F118: 3117
A119: =B119&" | "&D119&" | "&E119 -> BEER_GEN | KVASS | | B119: BEER_GEN | C119: =_xlfn.TEXTJOIN(";",TRUE,D119,H119:N119) -> KVASS | D119: KVASS | F119: 3118
... A132: =B132&" | "&D132&" | "&E132 -> BEER_GEN | LAGER > MUNICH_DUNKEL | | B132: BEER_GEN | C132: =_xlfn.TEXTJOIN(";",TRUE,D132,H132:N132) -> LAGER > MUNICH_DUNKEL | D132: LAGER > MUNICH_DUNKEL | F132: 3131
A133: =B133&" | "&D133&" | "&E133 -> BEER_GEN | LAGER > OTHER | | B133: BEER_GEN | C133: =_xlfn.TEXTJOIN(";",TRUE,D133,H133:N133) -> LAGER > OTHER;LAGER | D133: LAGER > OTHER | F133: 3132 | H133: LAGER
A134: =B134&" | "&D134&" | "&E134 -> BEER_GEN | LAGER > PALE | | B134: BEER_GEN | C134: =_xlfn.TEXTJOIN(";",TRUE,D134,H134:N134) -> LAGER > PALE | D134: LAGER > PALE | F134: 3133
A135: =B135&" | "&D135&" | "&E135 -> BEER_GEN | LAGER > POLOTMAVE_(CZECH_AMBER) | | B135: BEER_GEN | C135: =_xlfn.TEXTJOIN(";",TRUE,D135,H135:N135) -> LAGER > POLOTMAVE_(CZECH_AMBER) | D135: LAGER > POLOTMAVE_(CZECH_AMBER) | F135: 3134
A136: =B136&" | "&D136&" | "&E136 -> BEER_GEN | LAGER > ROTBIER | | B136: BEER_GEN | C136: =_xlfn.TEXTJOIN(";",TRUE,D136,H136:N136) -> LAGER > ROTBIER | D136: LAGER > ROTBIER | F136: 3135
A137: =B137&" | "&D137&" | "&E137 -> BEER_GEN | LAGER > SMOKED | | B137: BEER_GEN | C137: =_xlfn.TEXTJOIN(";",TRUE,D137,H137:N137) -> LAGER > SMOKED | D137: LAGER > SMOKED | F137: 3136
A138: =B138&" | "&D138&" | "&E138 -> BEER_GEN | LAGER > STRONG | | B138: BEER_GEN | C138: =_xlfn.TEXTJOIN(";",TRUE,D138,H138:N138) -> LAGER > STRONG | D138: LAGER > STRONG | F138: 3137
A139: =B139&" | "&D139&" | "&E139 -> BEER_GEN | LAGER > SVETLE_(CZECH_PALE) | | B139: BEER_GEN | C139: =_xlfn.TEXTJOIN(";",TRUE,D139,H139:N139) -> LAGER > SVETLE_(CZECH_PALE) | D139: LAGER > SVETLE_(CZECH_PALE) | F139: 3138
A140: =B140&" | "&D140&" | "&E140 -> BEER_GEN | LAGER > TMAVE_(CZECH_DARK) | | B140: BEER_GEN | C140: =_xlfn.TEXTJOIN(";",TRUE,D140,H140:N140) -> LAGER > TMAVE_(CZECH_DARK) | D140: LAGER > TMAVE_(CZECH_DARK) | F140: 3139
A141: =B141&" | "&D141&" | "&E141 -> BEER_GEN | LAGER > VIENNA | | B141: BEER_GEN | C141: =_xlfn.TEXTJOIN(";",TRUE,D141,H141:N141) -> LAGER > VIENNA | D141: LAGER > VIENNA | F141: 3140
A142: =B142&" | "&D142&" | "&E142 -> BEER_GEN | LAGER > WINTER | | B142: BEER_GEN | C142: =_xlfn.TEXTJOIN(";",TRUE,D142,H142:N142) -> LAGER > WINTER | D142: LAGER > WINTER | F142: 3141
A143: =B143&" | "&D143&" | "&E143 -> BEER_GEN | LAMBIC > FARO | | B143: BEER_GEN | C143: =_xlfn.TEXTJOIN(";",TRUE,D143,H143:N143) -> LAMBIC > FARO;LAMBIC_FARO | D143: LAMBIC > FARO | F143: 3142 | H143: LAMBIC_FARO
A144: =B144&" | "&D144&" | "&E144 -> BEER_GEN | LAMBIC > FRAMBOISE | | B144: BEER_GEN | C144: =_xlfn.TEXTJOIN(";",TRUE,D144,H144:N144) -> LAMBIC > FRAMBOISE | D144: LAMBIC > FRAMBOISE | F144: 3143
A145: =B145&" | "&D145&" | "&E145 -> BEER_GEN | LAMBIC > FRUIT | | B145: BEER_GEN | C145: =_xlfn.TEXTJOIN(";",TRUE,D145,H145:N145) -> LAMBIC > FRUIT | D145: LAMBIC > FRUIT | F145: 3144
A146: =B146&" | "&D146&" | "&E146 -> BEER_GEN | LAMBIC > GUEUZE | | B146: BEER_GEN | C146: =_xlfn.TEXTJOIN(";",TRUE,D146,H146:N146) -> LAMBIC > GUEUZE;GUEUZE | D146: LAMBIC > GUEUZE | F146: 3145 | H146: GUEUZE
A147: =B147&" | "&D147&" | "&E147 -> BEER_GEN | LAMBIC > KRIEK | | B147: BEER_GEN | C147: =_xlfn.TEXTJOIN(";",TRUE,D147,H147:N147) -> LAMBIC > KRIEK | D147: LAMBIC > KRIEK | F147: 3146
A148: =B148&" | "&D148&" | "&E148 -> BEER_GEN | LAMBIC > OTHER | | B148: BEER_GEN | C148: =_xlfn.TEXTJOIN(";",TRUE,D148,H148:N148) -> LAMBIC > OTHER;LAMBIC | D148: LAMBIC > OTHER | F148: 3147 | H148: LAMBIC
...

Sheet Sheet2
A1: =_xlfn.TEXTJOIN(";",TRUE,C1:K1) -> BRUISEND;TONIC;WATERS;WATER;SUMOS | B1: CATEGORY | C1: BRUISEND | D1: TONIC | E1: WATERS | F1: WATER | J1: SUMOS
A2: =_xlfn.TEXTJOIN(";",TRUE,C2:K2) -> BIEREN;CERVEZAS | B2: BEER | C2: BIEREN | D2: CERVEZAS
B3: SOFT_DRINKS
B4: WINE
B5: HOT_DRINKS
B6: COCKTAILS | H6: BRUISEND;TONIC;WATERS;WATER;SUMOS
B7: STRONG_DRINKS | H7: BIEREN;CERVEZAS
B8: FOOD
B9: APERITIF
B10: OTHER
B11: MEADS
B12: CIDER

Sheet Sheet3
A1: ESTRELLA_GALICIA | C1: CORE | D1: {=_xlfn.TEXTSPLIT(C1,";")} -> CORE | J1: CORE | K1: =VLOOKUP(J1,VARIANT!B:C,2,FALSE) -> CORE | S1: FRISDRANK | T1: =_xlfn.TEXTJOIN("','",TRUE,U1:BL1) -> FRISDRANK','JUICES','HOMEMADE','TEA','COFFEE','KOMBUCHA','CIDER','WHISKEY','JENEVER','WATER','MILKSHAKES','SMOOTHIES','PIZZAS','DFS','FRIES','SAUZEN','GIN','SALADS','SOUP','BITES','DIGESTIF','SHOTS','ICE_CREAM','SUPPLEMENTS','TEQUILA','SPIRITS','VODKA','SANDWICHES','DESSERT','BREAKFAST','PANCAKES','PASTAS','TOASTS','BURGERS','FOOD','REFRESHING','WINE','HOT_DRINKS','COCKTAILS','STRONG_DRINKS','APERITIF','OTHER','MEADS','BEER | U1: FRISDRANK | V1: JUICES | W1: HOMEMADE | X1: TEA | Y1: COFFEE | Z1: KOMBUCHA | AA1: CIDER | AB1: WHISKEY | AC1: JENEVER | AD1: WATER | AE1: MILKSHAKES | AF1: SMOOTHIES | AG1: PIZZAS | AH1: DFS | AI1: FRIES | AJ1: SAUZEN | AK1: GIN | AL1: SALADS | AM1: SOUP | AN1: BITES | AO1: DIGESTIF | AP1: SHOTS | AQ1: ICE_CREAM | AR1: SUPPLEMENTS | AS1: TEQUILA | AT1: SPIRITS | AU1: VODKA | AV1: SANDWICHES | AW1: DESSERT | AX1: BREAKFAST | AY1: PANCAKES | AZ1: PASTAS | BA1: TOASTS | BB1: BURGERS | BC1: FOOD | BD1: REFRESHING | BE1: WINE | BF1: HOT_DRINKS | BG1: COCKTAILS | BH1: STRONG_DRINKS | BI1: APERITIF | BJ1: OTHER | BK1: MEADS | BL1: BEER
A2: ANTIGOON | B2: =VLOOKUP(A2,BRAND!B:C,2,FALSE) -> ANTIGOON | C2: MILNUEVE | D2: {=_xlfn.TEXTSPLIT(C2,";")} -> MILNUEVE | J2: ACE | K2: =VLOOKUP(J2,VARIANT!B:C,2,FALSE) -> ACE | S2: JUICES
A3: ESTRELLA_GALICIA | B3: =VLOOKUP(A3,BRAND!B:C,2,FALSE) -> ESTRELLA_GALICIA;GALICA;GALICIA | C3: RED | D3: {=_xlfn.TEXTSPLIT(C3,";")} -> RED | J3: AMBER | K3: =VLOOKUP(J3,VARIANT!B:C,2,FALSE) -> AMBER;AMBREE;AMBRE | S3: HOMEMADE
A4: BEER_GEN | B4: =VLOOKUP(A4,BRAND!B:C,2,FALSE) -> IPA;HOUBLON;BEER;BIER;BIERE;PILSKE;PILS;PILSNER;CERVECA;BOERKE;FLUITJE;WITBIER | C4: BLACK | D4: {=_xlfn.TEXTSPLIT(C4,";")} -> BLACK | J4: APPLE | K4: =VLOOKUP(J4,VARIANT!B:C,2,FALSE) -> APPLE;APPEL;POMME;MANZANA;APFEL;POMMES | S4: TEA
A5: KATHEDRAAL | B5: =VLOOKUP(A5,BRAND!B:C,2,FALSE) -> KATHEDRAAL | C5: IRISH | D5: {=_xlfn.TEXTSPLIT(C5,";")} -> IRISH | J5: BITTER | K5: =VLOOKUP(J5,VARIANT!B:C,2,FALSE) -> BITTER | S5: COFFEE | U5: FRISDRANK','JUICES','HOMEMADE','TEA','COFFEE','KOMBUCHA','CIDER','WHISKEY','JENEVER','WATER','MILKSHAKES','SMOOTHIES','PIZZAS','DFS','FRIES','SAUZEN','GIN','SALADS','SOUP','BITES','DIGESTIF','SHOTS','ICE_CREAM','SUPPLEMENTS','TEQUILA','SPIRITS','VODKA','SANDWICHES','DESSERT','BREAKFAST','PANCAKES','PASTAS','TOASTS','BURGERS','FOOD','REFRESHING','WINE','HOT_DRINKS','COCKTAILS','STRONG_DRINKS','APERITIF','OTHER','MEADS','BEER
A6: MINUTE_MAID | B6: =VLOOKUP(A6,BRAND!B:C,2,FALSE) -> MAID;MINUTE_MADE;MINUTE_MATE;MINUTE_MAIT | C6: TRIPEL | D6: {=_xlfn.TEXTSPLIT(C6,";")} -> TRIPEL | J6: BLACK | K6: =VLOOKUP(J6,VARIANT!B:C,2,FALSE) -> BLACK;ZWARTE;ZWART;NOIR, | S6: KOMBUCHA
A7: POMTON_GEN | B7: =VLOOKUP(A7,BRAND!B:C,2,FALSE) -> POMTON;POM_TON | C7: XMAS | D7: {=_xlfn.TEXTSPLIT(C7,";")} -> XMAS | J7: BLUE | K7: =VLOOKUP(J7,VARIANT!B:C,2,FALSE) -> BLAUW;BLUE;BLEU;BLEUE;BLAUWE;BLAUW,;"BLUE";BLUE/ | S7: CIDER
A8: SCHUPPENBOER | B8: =VLOOKUP(A8,BRAND!B:C,2,FALSE) -> SCHUPPENBOER;SCHUPPEN_BOER | C8: AMBER | D8: {=_xlfn.TEXTSPLIT(C8,";")} -> AMBER | J8: BLOND | K8: =VLOOKUP(J8,VARIANT!B:C,2,FALSE) -> BLOND;BLONDE;BLONDA;BLONDE;BLOND/ | S8: WHISKEY
A9: SWAF_SILLY | B9: =VLOOKUP(A9,BRAND!B:C,2,FALSE) -> SILLY;SWAF | C9: IPA | D9: {=_xlfn.TEXTSPLIT(C9,";")} -> IPA | J9: BLOOD_ORANGE | K9: =VLOOKUP(J9,VARIANT!B:C,2,FALSE) -> BLOOD;BLOED;SANGINE;ARANCIATA_ROSSA | S9: JENEVER
A10: SUPER_BOCK | B10: =VLOOKUP(A10,BRAND!B:C,2,FALSE) -> SUPER_BOCK | C10: WHITE | D10: {=_xlfn.TEXTSPLIT(C10,";")} -> WHITE | J10: BROWN | K10: =VLOOKUP(J10,VARIANT!B:C,2,FALSE) -> BROWN;BRUNE;BRUIN;DONKERBRUIN;BRUIN0%;BRUINE;BRUN;BRUNETTE | S10: WATER
A11: TETE_DE_MORT | B11: =VLOOKUP(A11,BRAND!B:C,2,FALSE) -> TETE_DE_MORT;TE_DE_MORT | C11: PILSNER | D11: {=_xlfn.TEXTSPLIT(C11,";")} -> PILSNER | J11: CASSIS | K11: =VLOOKUP(J11,VARIANT!B:C,2,FALSE) -> CASSIS;GROSELLA_NEGRA;SCHWARZE_JOHANNISBEERE | S11: MILKSHAKES
A12: VIVEN | B12: =VLOOKUP(A12,BRAND!B:C,2,FALSE) -> VIVEN;NADA_IPA;BIRA_NADA | C12: HELLAS | D12: {=_xlfn.TEXTSPLIT(C12,";")} -> HELLAS | J12: CHERRY | K12: =VLOOKUP(J12,VARIANT!B:C,2,FALSE) -> CHERRY;KERS;CERISE;CEREZA;KIRSCHE;CHERRY;KRIEK;CERISE;CERISE,;KRIECK | S12: SMOOTHIES
A13: 1906 | B13: =VLOOKUP(A13,BRAND!B:C,2,FALSE) -> 1906 | C13: MOSCATEL | D13: {=_xlfn.TEXTSPLIT(C13,";")} -> MOSCATEL | J13: CHOCOLAT | K13: =VLOOKUP(J13,VARIANT!B:C,2,FALSE) -> CHOCOLAT | S13: PIZZAS
A14: 100_PAP | B14: =VLOOKUP(A14,BRAND!B:C,2,FALSE) -> 100_PAP | C14: CRAFT | D14: {=_xlfn.TEXTSPLIT(C14,";")} -> CRAFT | J14: XMAS | K14: =VLOOKUP(J14,VARIANT!B:C,2,FALSE) -> CHRISTMAS;XMAS;KERSTMIS;NOEL;CHRISMAS;KERST;NOAL | S14: DFS
A15: SHANDY_BEER_SPRITE | B15: =VLOOKUP(A15,BRAND!B:C,2,FALSE) -> SHANDY_BEER_SPRITE | C15: BLOND;AURORA | D15: {=_xlfn.TEXTSPLIT(C15,";")} -> BLOND | E15: AURORA | J15: CLASSIC | K15: =VLOOKUP(J15,VARIANT!B:C,2,FALSE) -> CLASSIC | S15: FRIES
A16: SAIGON | B16: =VLOOKUP(A16,BRAND!B:C,2,FALSE) -> SAIGON | C16: DARK;MEMENTO | D16: {=_xlfn.TEXTSPLIT(C16,";")} -> DARK | E16: MEMENTO | J16: COLA | K16: =VLOOKUP(J16,VARIANT!B:C,2,FALSE) -> COLA;KOLA | S16: SAUZEN
A17: NELLO_S | B17: =VLOOKUP(A17,BRAND!B:C,2,FALSE) -> NELLO_S | C17: GOLD | D17: {=_xlfn.TEXTSPLIT(C17,";")} -> GOLD | J17: CRANBERRY | K17: =VLOOKUP(J17,VARIANT!B:C,2,FALSE) -> CRANBERRY;VEENBES;CANNEBERGE;ARÃNDANO_ROJO;PREISELBEERE | S17: GIN
A18: AL_BLONDY | B18: =VLOOKUP(A18,BRAND!B:C,2,FALSE) -> AL_BLONDY | C18: PILNSER;CORE | D18: {=_xlfn.TEXTSPLIT(C18,";")} -> PILNSER | E18: CORE | J18: DARK | K18: =VLOOKUP(J18,VARIANT!B:C,2,FALSE) -> DONKERE;DARK;DONKER;NOIR | S18: SALADS
A19: MAMPOKO | B19: =VLOOKUP(A19,BRAND!B:C,2,FALSE) -> MAMPOKO | C19: RESERVA | D19: {=_xlfn.TEXTSPLIT(C19,";")} -> RESERVA | J19: GINGER | K19: =VLOOKUP(J19,VARIANT!B:C,2,FALSE) -> GINGER;GEMBER;GINGEMBRE;JENGIBRE;INGWER;GINGER | S19: SOUP
A20: EFES | B20: =VLOOKUP(A20,BRAND!B:C,2,FALSE) -> EFES | C20: GRAND | D20: {=_xlfn.TEXTSPLIT(C20,";")} -> GRAND | J20: GINGER_ALE | K20: =VLOOKUP(J20,VARIANT!B:C,2,FALSE) -> GINGER_ALE | S20: BITES
A21: FIX | B21: =VLOOKUP(A21,BRAND!B:C,2,FALSE) -> FIX | C21: LAGER | D21: {=_xlfn.TEXTSPLIT(C21,";")} -> LAGER | J21: GINGER_BEER | K21: =VLOOKUP(J21,VARIANT!B:C,2,FALSE) -> GINGER_BEER | S21: DIGESTIF
A22: TORNADO | B22: =VLOOKUP(A22,BRAND!B:C,2,FALSE) -> TORNADO | C22: WHEAT | D22: {=_xlfn.TEXTSPLIT(C22,";")} -> WHEAT | J22: GOLD | K22: =VLOOKUP(J22,VARIANT!B:C,2,FALSE) -> GOUD;DORE;DORE;GOLD;DOREE;DOREE;DORE;D_OR | S22: SHOTS
A23: BELMONDO | B23: =VLOOKUP(A23,BRAND!B:C,2,FALSE) -> BELMONDO | C23: BLOND;YUZU;CORE | D23: {=_xlfn.TEXTSPLIT(C23,";")} -> BLOND | E23: YUZU | F23: CORE | J23: GRAPEFRUIT | K23: =VLOOKUP(J23,VARIANT!B:C,2,FALSE) -> GRAPEFRUIT;PAMPLEMOUSSE,;PAMPLEMOUSSE;POMPELMOES;PAMPLEMOUS | S23: ICE_CREAM
A24: PRESIDENTE | B24: =VLOOKUP(A24,BRAND!B:C,2,FALSE) -> PRESIDENTE | C24: IPA;CORE | D24: {=_xlfn.TEXTSPLIT(C24,";")} -> IPA | E24: CORE | J24: GREEN | K24: =VLOOKUP(J24,VARIANT!B:C,2,FALSE) -> GREEN;GROEN;VERT;VERDE;;GROEN;VERT;GREEN;GREEN,;VERTE | S24: SUPPLEMENTS
A25: POLAR | B25: =VLOOKUP(A25,BRAND!B:C,2,FALSE) -> POLAR | C25: DIPA;CORE | D25: {=_xlfn.TEXTSPLIT(C25,";")} -> DIPA | E25: CORE | J25: PINK | K25: =VLOOKUP(J25,VARIANT!B:C,2,FALSE) -> H_PINK;PINK;ROZE | S25: TEQUILA
A26: EXCELSIOR | B26: =VLOOKUP(A26,BRAND!B:C,2,FALSE) -> EXCELSIOR | C26: CORE;KRIEK | D26: {=_xlfn.TEXTSPLIT(C26,";")} -> CORE | E26: KRIEK | J26: IPA | K26: =VLOOKUP(J26,VARIANT!B:C,2,FALSE) -> IPA;INDIA_PALE_ALE;I.P.A;I.P.A. | S26: SPIRITS
A27: CLASH_OF_THE_TITANS | B27: =VLOOKUP(A27,BRAND!B:C,2,FALSE) -> CLASH_OF_THE_TITANS | C27: SARDEGNA | D27: {=_xlfn.TEXTSPLIT(C27,";")} -> SARDEGNA | J27: LAGER | K27: =VLOOKUP(J27,VARIANT!B:C,2,FALSE) -> LAGER;FLUITJE;BOERKE | S27: VODKA
A28: SCANNING_FOR_SIGNS | B28: =VLOOKUP(A28,BRAND!B:C,2,FALSE) -> SCANNING_FOR_SIGNS | C28: RED;BROWN | D28: {=_xlfn.TEXTSPLIT(C28,";")} -> RED | E28: BROWN | J28: LEMON | K28: =VLOOKUP(J28,VARIANT!B:C,2,FALSE) -> LEMON;CITROEN;CITRON;LIMÃ“N;ZITRONE;LIMONATA;CITROEN/;CITRON,;LIMOEN,;LIMONE;LEMON, | S28: SANDWICHES
A29: STAR | B29: =VLOOKUP(A29,BRAND!B:C,2,FALSE) -> STAR | D29: {=_xlfn.TEXTSPLIT(C29,";")} -> #VALUE! | J29: LIME | K29: =VLOOKUP(J29,VARIANT!B:C,2,FALSE) -> LIME;LIMOEN;CITRON_VERT;LIMA;LIMETTE | S29: DESSERT
A30: UIJIN | B30: =VLOOKUP(A30,BRAND!B:C,2,FALSE) -> UIJIN | C30: EVIL | D30: {=_xlfn.TEXTSPLIT(C30,";")} -> EVIL | J30: LYCHEE | K30: =VLOOKUP(J30,VARIANT!B:C,2,FALSE) -> LYCHEE;LYCHEE;LITCHI;LICHI;LITSCHI | S30: BREAKFAST
A31: OWA | B31: =VLOOKUP(A31,BRAND!B:C,2,FALSE) -> OWA | C31: CLASSIC;CORE | D31: {=_xlfn.TEXTSPLIT(C31,";")} -> CLASSIC | E31: CORE | J31: MANGO | K31: =VLOOKUP(J31,VARIANT!B:C,2,FALSE) -> MANGO;MANGO;MANGUE;MANGO;MANGO | S31: PANCAKES
A32: BITTERE_BLOEMEN | B32: =VLOOKUP(A32,BRAND!B:C,2,FALSE) -> BITTERE_BLOEMEN | C32: STOUT | D32: {=_xlfn.TEXTSPLIT(C32,";")} -> STOUT | J32: MINT | K32: =VLOOKUP(J32,VARIANT!B:C,2,FALSE) -> MINT;MUNT;MENTHE;MENTA;MINZE;MUNT, | S32: PASTAS
A33: JOUR_DE_FETE | B33: =VLOOKUP(A33,BRAND!B:C,2,FALSE) -> JOUR_DE_FETE | C33: ABADIA | D33: {=_xlfn.TEXTSPLIT(C33,";")} -> ABADIA | J33: MOJITO | K33: =VLOOKUP(J33,VARIANT!B:C,2,FALSE) -> MOJITO | S33: TOASTS
A34: THE_BELGIAN_CIDER | B34: =VLOOKUP(A34,BRAND!B:C,2,FALSE) -> THE_BELGIAN_CIDER | C34: RADLER;GREEN;LEMON | D34: {=_xlfn.TEXTSPLIT(C34,";")} -> RADLER | E34: GREEN | F34: LEMON | J34: MULTIFRUIT | K34: =VLOOKUP(J34,VARIANT!B:C,2,FALSE) -> MULTIFRUIT;MULTIVRUCHT;MULTIFRUITS;MULTIFRUTA;MEHRFRUCHT;MULTIVRUCHTEN;VRUCHTENKORF;FRUITKORF | S34: BURGERS
A35: DOKKIE | B35: =VLOOKUP(A35,BRAND!B:C,2,FALSE) -> DOKKIE | C35: SKY | D35: {=_xlfn.TEXTSPLIT(C35,";")} -> SKY | J35: MULTIVITAMIN | K35: =VLOOKUP(J35,VARIANT!B:C,2,FALSE) -> MULTIVITAMIN;MULTI_VITAMIN | S35: FOOD
A36: PERLE | B36: =VLOOKUP(A36,BRAND!B:C,2,FALSE) -> PERLE | C36: TANGO | D36: {=_xlfn.TEXTSPLIT(C36,";")} -> TANGO | J36: ORIGINAL | K36: =VLOOKUP(J36,VARIANT!B:C,2,FALSE) -> ORIGINAL | S36: REFRESHING
A37: IFIGENIA | B37: =VLOOKUP(A37,BRAND!B:C,2,FALSE) -> IFIGENIA | C37: MALT;CORE | D37: {=_xlfn.TEXTSPLIT(C37,";")} -> MALT | E37: CORE | J37: PASSION | K37: =VLOOKUP(J37,VARIANT!B:C,2,FALSE) -> PASSION | S37: WINE
A38: LES_PERLES_DU_HOMARD | B38: =VLOOKUP(A38,BRAND!B:C,2,FALSE) -> LES_PERLES_DU_HOMARD | C38: ORIGINAL;CORE | D38: {=_xlfn.TEXTSPLIT(C38,";")} -> ORIGINAL | E38: CORE | J38: PEACH | K38: =VLOOKUP(J38,VARIANT!B:C,2,FALSE) -> PEACH;PERZIK;PÃŠCHE;MELOCOT;PFIRSICH;PCHERESSE;Píche;PEACH;PERZIK;PCHE;PICHE,;PECHE;PICHERESSE | S38: HOT_DRINKS
A39: OCATA | B39: =VLOOKUP(A39,BRAND!B:C,2,FALSE) -> OCATA | C39: ORANGE | D39: {=_xlfn.TEXTSPLIT(C39,";")} -> ORANGE | J39: PILSNER | K39: =VLOOKUP(J39,VARIANT!B:C,2,FALSE) -> PILS;PINTJE;BIRA;FLUIT;BOERKE;PINKE | S39: COCKTAILS
A40: WARMOUTH | B40: =VLOOKUP(A40,BRAND!B:C,2,FALSE) -> WARMOUTH | C40: APPLE | D40: {=_xlfn.TEXTSPLIT(C40,";")} -> APPLE | J40: PINEAPPLE | K40: =VLOOKUP(J40,VARIANT!B:C,2,FALSE) -> PINEAPPLE;ANANAS;ANANAS, | S40: STRONG_DRINKS
A41: DEAD_CAT | B41: =VLOOKUP(A41,BRAND!B:C,2,FALSE) -> DEAD_CAT | C41: MANGO | D41: {=_xlfn.TEXTSPLIT(C41,";")} -> MANGO | J41: POMEGRANATE | K41: =VLOOKUP(J41,VARIANT!B:C,2,FALSE) -> POMEGRANATE;GRANAATAPPEL;GRENADE;GRANADA;GRANATAPFEL;POMMEGRANATE | S41: APERITIF
A42: ELLIOT | B42: =VLOOKUP(A42,BRAND!B:C,2,FALSE) -> ELLIOT | C42: MULTIVITAMIN | D42: {=_xlfn.TEXTSPLIT(C42,";")} -> MULTIVITAMIN | J42: RADLER | K42: =VLOOKUP(J42,VARIANT!B:C,2,FALSE) -> RADLER | S42: OTHER
A43: BOBBY_BROWN | B43: =VLOOKUP(A43,BRAND!B:C,2,FALSE) -> BOBBY_BROWN | C43: GUAVA | D43: {=_xlfn.TEXTSPLIT(C43,";")} -> GUAVA | J43: RED | K43: =VLOOKUP(J43,VARIANT!B:C,2,FALSE) -> RED;ROOD;ROUGE;ROJO;ROT;RED;ROUGE;ROOD;ROUGE,;ROUGES;ROOD,; | S43: MEADS
A44: GONNA_GRILL_SOME_BACON | B44: =VLOOKUP(A44,BRAND!B:C,2,FALSE) -> GONNA_GRILL_SOME_BACON | C44: STRAWBERRY | D44: {=_xlfn.TEXTSPLIT(C44,";")} -> STRAWBERRY | J44: ROSE | K44: =VLOOKUP(J44,VARIANT!B:C,2,FALSE) -> ROSE;ROSA | S44: BEER
A45: JOLLY_FUCKER | B45: =VLOOKUP(A45,BRAND!B:C,2,FALSE) -> JOLLY_FUCKER | C45: WATERMELON | D45: {=_xlfn.TEXTSPLIT(C45,";")} -> WATERMELON | J45: ORANGE | K45: =VLOOKUP(J45,VARIANT!B:C,2,FALSE) -> SINAAS;ORANGE;SINAASAPPEL;ORANGE;NARANJA;ORANGE;APPELSIEN;ORANGE,;SINAAS;ORANJE;SINNAS;SINAS
A46: PINK_ELISE | B46: =VLOOKUP(A46,BRAND!B:C,2,FALSE) -> PINK_ELISE | C46: FRUIT_PUNCH | D46: {=_xlfn.TEXTSPLIT(C46,";")} -> FRUIT_PUNCH | J46: SPARKLING | K46: =VLOOKUP(J46,VARIANT!B:C,2,FALSE) -> SPARKLING;SPUITWATER;PETTILLANTE;BRUIS;GAZEUSE;GASEUS;KOOLZUURHOUDEND
A47: BOHEMIAN_LAGER | B47: =VLOOKUP(A47,BRAND!B:C,2,FALSE) -> BOHEMIAN_LAGER | C47: MANDARIN | D47: {=_xlfn.TEXTSPLIT(C47,";")} -> MANDARIN | J47: STOUT | K47: =VLOOKUP(J47,VARIANT!B:C,2,FALSE) -> STOUT
A48: WEYN | B48: =VLOOKUP(A48,BRAND!B:C,2,FALSE) -> WEYN | C48: PASSION | D48: {=_xlfn.TEXTSPLIT(C48,";")} -> PASSION | J48: STRAWBERRY | K48: =VLOOKUP(J48,VARIANT!B:C,2,FALSE) -> STRAWBERRY;AARDBEI;FRAISE;FRESA;ERDBEERE;AARDBEIEN;FRAIS
A49: NASTRO_AZZURO | B49: =VLOOKUP(A49,BRAND!B:C,2,FALSE) -> #N/A | C49: PINEAPPLE | D49: {=_xlfn.TEXTSPLIT(C49,";")} -> PINEAPPLE | J49: TOMATO | K49: =VLOOKUP(J49,VARIANT!B:C,2,FALSE) -> TOMATO;TOMAAT;TOMATE;TOMATE;TOMATE
A50: LECH | B50: =VLOOKUP(A50,BRAND!B:C,2,FALSE) -> LECH | C50: LIME | D50: {=_xlfn.TEXTSPLIT(C50,";")} -> LIME | J50: TRIPEL | K50: =VLOOKUP(J50,VARIANT!B:C,2,FALSE) -> TRIPEL;TRIPLE;TRIPPEL;TRIPPLE;TRIPEL/;TRIPEL,;TRIPEL:;"TRIPLE;TIPEL;TRIP
A51: BEIRUT | B51: =VLOOKUP(A51,BRAND!B:C,2,FALSE) -> BEIRUT | C51: GRAPEFRUIT | D51: {=_xlfn.TEXTSPLIT(C51,";")} -> GRAPEFRUIT | J51: TROPICAL | K51: =VLOOKUP(J51,VARIANT!B:C,2,FALSE) -> TROPICAL;TROPISCH;TROPICAL;TROPICAL;TROPISCH;TROPICAL
A52: CUM_LAUDE | B52: =VLOOKUP(A52,BRAND!B:C,2,FALSE) -> CUM_LAUDE | C52: TAMARIND | D52: {=_xlfn.TEXTSPLIT(C52,";")} -> TAMARIND | J52: VANILLA | K52: =VLOOKUP(J52,VARIANT!B:C,2,FALSE) -> VANILLA;VANILLE;VANILLE;VAINILLA;VANILLE
A53: BLONDE_BRIES | B53: =VLOOKUP(A53,BRAND!B:C,2,FALSE) -> BLONDE_BRIES | C53: COLA | D53: {=_xlfn.TEXTSPLIT(C53,";")} -> COLA | J53: WATERMELON | K53: =VLOOKUP(J53,VARIANT!B:C,2,FALSE) -> WATERMELON;WATERMELOEN;PASTÃˆQUE;SANDÃA;WASSERMELONE
A54: DONKERE_DAUW | B54: =VLOOKUP(A54,BRAND!B:C,2,FALSE) -> DONKERE_DAUW | C54: CHERRY | D54: {=_xlfn.TEXTSPLIT(C54,";")} -> CHERRY | J54: WHEAT | K54: =VLOOKUP(J54,VARIANT!B:C,2,FALSE) -> WHEAT
A55: ARABIER | B55: =VLOOKUP(A55,BRAND!B:C,2,FALSE) -> ARABIER | C55: GREEN | D55: {=_xlfn.TEXTSPLIT(C55,";")} -> GREEN | J55: WHITE | K55: =VLOOKUP(J55,VARIANT!B:C,2,FALSE) -> WIT;WHITE;BLANCHE;WHIT;WITBIER;BLANKA;WEISS;WEIZ;BLANC;BLANC,;WIT,
A56: QUILMES | B56: =VLOOKUP(A56,BRAND!B:C,2,FALSE) -> QUILMES | C56: GINGER | D56: {=_xlfn.TEXTSPLIT(C56,";")} -> GINGER | J56: YUZU | K56: =VLOOKUP(J56,VARIANT!B:C,2,FALSE) -> YUZU
... A58: MARINA | B58: =VLOOKUP(A58,BRAND!B:C,2,FALSE) -> MARINA | C58: CHOCOLAT | D58: {=_xlfn.TEXTSPLIT(C58,";")} -> CHOCOLAT | J58: IRISH | K58: =VLOOKUP(J58,VARIANT!B:C,2,FALSE) -> IRISH
A59: BOOTJES_BIER | B59: =VLOOKUP(A59,BRAND!B:C,2,FALSE) -> BOOTJESBIER;BOOTJES | C59: GINGER_BEER;GINGER | D59: {=_xlfn.TEXTSPLIT(C59,";")} -> GINGER_BEER | E59: GINGER | J59: HELLAS | K59: =VLOOKUP(J59,VARIANT!B:C,2,FALSE) -> HELLAS
A60: TOURTEL | B60: =VLOOKUP(A60,BRAND!B:C,2,FALSE) -> TOURTEL | C60: BLOOD_ORANGE | D60: {=_xlfn.TEXTSPLIT(C60,";")} -> BLOOD_ORANGE | J60: MOSCATEL | K60: =VLOOKUP(J60,VARIANT!B:C,2,FALSE) -> MOSCATEL
A61: MAGNERS | B61: =VLOOKUP(A61,BRAND!B:C,2,FALSE) -> MAGNERS | C61: PEACH | D61: {=_xlfn.TEXTSPLIT(C61,";")} -> PEACH | J61: CRAFT | K61: =VLOOKUP(J61,VARIANT!B:C,2,FALSE) -> CRAFT
A62: TANUSQUELLE | B62: =VLOOKUP(A62,BRAND!B:C,2,FALSE) -> TANUSQUELLE | C62: MANGO;TROPICAL | D62: {=_xlfn.TEXTSPLIT(C62,";")} -> MANGO | E62: TROPICAL | J62: PILNSER | K62: =VLOOKUP(J62,VARIANT!B:C,2,FALSE) -> PILNSER
A63: JUICES_GEN | B63: =VLOOKUP(A63,BRAND!B:C,2,FALSE) -> JUICES_GEN | C63: PINEAPPLE;COCONUT | D63: {=_xlfn.TEXTSPLIT(C63,";")} -> PINEAPPLE | E63: COCONUT | J63: RESERVA | K63: =VLOOKUP(J63,VARIANT!B:C,2,FALSE) -> RESERVA
A64: SMOOTHIES_GEN | B64: =VLOOKUP(A64,BRAND!B:C,2,FALSE) -> SMOOTHIES_GEN | C64: SARSAPARILLA | D64: {=_xlfn.TEXTSPLIT(C64,";")} -> SARSAPARILLA | J64: GRAND | K64: =VLOOKUP(J64,VARIANT!B:C,2,FALSE) -> GRAND
A65: JARRITOS | B65: =VLOOKUP(A65,BRAND!B:C,2,FALSE) -> JARRITOS | C65: LEMON;LIME;BITTER | D65: {=_xlfn.TEXTSPLIT(C65,";")} -> LEMON | E65: LIME | F65: BITTER | J65: DIPA | K65: =VLOOKUP(J65,VARIANT!B:C,2,FALSE) -> DIPA
A66: FERNANDES | B66: =VLOOKUP(A66,BRAND!B:C,2,FALSE) -> FERNANDES | C66: BURGUNDEE | D66: {=_xlfn.TEXTSPLIT(C66,";")} -> BURGUNDEE | J66: SARDEGNA | K66: =VLOOKUP(J66,VARIANT!B:C,2,FALSE) -> SARDEGNA
A67: INZA | B67: =VLOOKUP(A67,BRAND!B:C,2,FALSE) -> INZA | C67: INDIAN;CORE | D67: {=_xlfn.TEXTSPLIT(C67,";")} -> INDIAN | E67: CORE | J67: #VALUE! | K67: =VLOOKUP(J67,VARIANT!B:C,2,FALSE) -> #VALUE!
A68: BUNDABERG | B68: =VLOOKUP(A68,BRAND!B:C,2,FALSE) -> BUNDABERG | C68: SKINNY | D68: {=_xlfn.TEXTSPLIT(C68,";")} -> SKINNY | J68: EVIL | K68: =VLOOKUP(J68,VARIANT!B:C,2,FALSE) -> EVIL
A69: DOUBLE_DUTCH | B69: =VLOOKUP(A69,BRAND!B:C,2,FALSE) -> DOUBLE_DUTCH | C69: CRANBERRY;GINGER | D69: {=_xlfn.TEXTSPLIT(C69,";")} -> CRANBERRY | E69: GINGER | J69: ABADIA | K69: =VLOOKUP(J69,VARIANT!B:C,2,FALSE) -> ABADIA
A70: OLD_JAMAICA | B70: =VLOOKUP(A70,BRAND!B:C,2,FALSE) -> OLD_JAMAICA | C70: GINGER_ALE | D70: {=_xlfn.TEXTSPLIT(C70,";")} -> GINGER_ALE | J70: SKY | K70: =VLOOKUP(J70,VARIANT!B:C,2,FALSE) -> SKY
A71: WALDEN | B71: =VLOOKUP(A71,BRAND!B:C,2,FALSE) -> WALDEN | C71: GINGER_BEER | D71: {=_xlfn.TEXTSPLIT(C71,";")} -> GINGER_BEER | J71: TANGO | K71: =VLOOKUP(J71,VARIANT!B:C,2,FALSE) -> TANGO
A72: RC | B72: =VLOOKUP(A72,BRAND!B:C,2,FALSE) -> RC | C72: GRAPEFRUIT;PINK | D72: {=_xlfn.TEXTSPLIT(C72,";")} -> GRAPEFRUIT | E72: PINK | J72: MALT | K72: =VLOOKUP(J72,VARIANT!B:C,2,FALSE) -> MALT
A73: ROYAL_CROWN | B73: =VLOOKUP(A73,BRAND!B:C,2,FALSE) -> ROYAL_CROWN | C73: POMEGRANATE;BASIL | D73: {=_xlfn.TEXTSPLIT(C73,";")} -> POMEGRANATE | E73: BASIL | J73: GUAVA | K73: =VLOOKUP(J73,VARIANT!B:C,2,FALSE) -> GUAVA
A74: DE_DRIE_WILGEN | B74: =VLOOKUP(A74,BRAND!B:C,2,FALSE) -> DE_DRIE_WILGEN | C74: CUCUMBER;WATERMELON | D74: {=_xlfn.TEXTSPLIT(C74,";")} -> CUCUMBER | E74: WATERMELON | J74: FRUIT_PUNCH | K74: =VLOOKUP(J74,VARIANT!B:C,2,FALSE) -> FRUIT_PUNCH
A75: BIMSTER | B75: =VLOOKUP(A75,BRAND!B:C,2,FALSE) -> BIMSTER | C75: WATER | D75: {=_xlfn.TEXTSPLIT(C75,";")} -> WATER | J75: MANDARIN | K75: =VLOOKUP(J75,VARIANT!B:C,2,FALSE) -> MANDARIN
A76: EPSA | B76: =VLOOKUP(A76,BRAND!B:C,2,FALSE) -> EPSA | C76: LEMON | D76: {=_xlfn.TEXTSPLIT(C76,";")} -> LEMON | J76: TAMARIND | K76: =VLOOKUP(J76,VARIANT!B:C,2,FALSE) -> TAMARIND
A77: SALGAM_GEN | B77: =VLOOKUP(A77,BRAND!B:C,2,FALSE) -> SALGAM_GEN | C77: REFRESHING | D77: {=_xlfn.TEXTSPLIT(C77,";")} -> REFRESHING | J77: GRAPE | K77: =VLOOKUP(J77,VARIANT!B:C,2,FALSE) -> GRAPE
A78: GOLDEN_POWER | B78: =VLOOKUP(A78,BRAND!B:C,2,FALSE) -> GOLDEN_POWER | C78: LEMON;LEMONGRASS | D78: {=_xlfn.TEXTSPLIT(C78,";")} -> LEMON | E78: LEMONGRASS | J78: SARSAPARILLA | K78: =VLOOKUP(J78,VARIANT!B:C,2,FALSE) -> SARSAPARILLA
A79: PERELEARE | B79: =VLOOKUP(A79,BRAND!B:C,2,FALSE) -> PERELEARE | C79: PEACH;JASMINE | D79: {=_xlfn.TEXTSPLIT(C79,";")} -> PEACH | E79: JASMINE | J79: BURGUNDEE | K79: =VLOOKUP(J79,VARIANT!B:C,2,FALSE) -> BURGUNDEE
A80: FREEZ | B80: =VLOOKUP(A80,BRAND!B:C,2,FALSE) -> FREEZ | C80: VANILLA | D80: {=_xlfn.TEXTSPLIT(C80,";")} -> VANILLA | J80: INDIAN | K80: =VLOOKUP(J80,VARIANT!B:C,2,FALSE) -> INDIAN
A81: ROYAL_CLUB | B81: =VLOOKUP(A81,BRAND!B:C,2,FALSE) -> ROYAL_CLUB | C81: DOUBLE; | D81: {=_xlfn.TEXTSPLIT(C81,";")} -> DOUBLE | J81: SKINNY | K81: =VLOOKUP(J81,VARIANT!B:C,2,FALSE) -> SKINNY
A82: BIG_TOM | B82: =VLOOKUP(A82,BRAND!B:C,2,FALSE) -> BIG_TOM | C82: REFRESHER | D82: {=_xlfn.TEXTSPLIT(C82,";")} -> REFRESHER | J82: CUCUMBER | K82: =VLOOKUP(J82,VARIANT!B:C,2,FALSE) -> CUCUMBER
A83: KAS | B83: =VLOOKUP(A83,BRAND!B:C,2,FALSE) -> KAS | C83: ACE;MULTIFRUIT | D83: {=_xlfn.TEXTSPLIT(C83,";")} -> ACE | E83: MULTIFRUIT | J83: WATER | K83: =VLOOKUP(J83,VARIANT!B:C,2,FALSE) -> WATER
A84: CASERA | B84: =VLOOKUP(A84,BRAND!B:C,2,FALSE) -> CASERA | C84: TOMATO | D84: {=_xlfn.TEXTSPLIT(C84,";")} -> TOMATO | J84: REFRESHING | K84: =VLOOKUP(J84,VARIANT!B:C,2,FALSE) -> REFRESHING
A85: SCHULP | B85: =VLOOKUP(A85,BRAND!B:C,2,FALSE) -> SCHULP | C85: CRANBERRY | D85: {=_xlfn.TEXTSPLIT(C85,";")} -> CRANBERRY | J85: DOUBLE | K85: =VLOOKUP(J85,VARIANT!B:C,2,FALSE) -> DOUBLE
C86: GINGER;MANGO | D86: {=_xlfn.TEXTSPLIT(C86,";")} -> GINGER | E86: MANGO | J86: REFRESHER | K86: =VLOOKUP(J86,VARIANT!B:C,2,FALSE) -> REFRESHER
C87: GRAPEFRUIT;CARDEMON | D87: {=_xlfn.TEXTSPLIT(C87,";")} -> GRAPEFRUIT | E87: CARDEMON | J87: LEMON_SODA | K87: =VLOOKUP(J87,VARIANT!B:C,2,FALSE) -> LEMON_SODA
C88: LEMON_SODA | D88: {=_xlfn.TEXTSPLIT(C88,";")} -> LEMON_SODA | J88: TONIC | K88: =VLOOKUP(J88,VARIANT!B:C,2,FALSE) -> TONIC
C89: SPARKLING;WATER;SODA | D89: {=_xlfn.TEXTSPLIT(C89,";")} -> SPARKLING | E89: WATER | F89: SODA | J89: POAR | K89: =VLOOKUP(J89,VARIANT!B:C,2,FALSE) -> POAR;PEER
C90: TONIC | D90: {=_xlfn.TEXTSPLIT(C90,";")} -> TONIC | J90: BERRIES | K90: =VLOOKUP(J90,VARIANT!B:C,2,FALSE) -> BERRIES
C91: POAR;CORE | D91: {=_xlfn.TEXTSPLIT(C91,";")} -> POAR | E91: CORE | J91: KIWI | K91: =VLOOKUP(J91,VARIANT!B:C,2,FALSE) -> KIWI
C92: LEMON;MINT | D92: {=_xlfn.TEXTSPLIT(C92,";")} -> LEMON | E92: MINT | J92: PINK_GRAPEFRUIT | K92: =VLOOKUP(J92,VARIANT!B:C,2,FALSE) -> PINK_GRAPEFRUIT
C93: BLUE;HAWAII;TROPICAL | D93: {=_xlfn.TEXTSPLIT(C93,";")} -> BLUE | E93: HAWAII | F93: TROPICAL | J93: G_T | K93: =VLOOKUP(J93,VARIANT!B:C,2,FALSE) -> G_T
C94: LYCHEE | D94: {=_xlfn.TEXTSPLIT(C94,";")} -> LYCHEE | J94: MULE | K94: =VLOOKUP(J94,VARIANT!B:C,2,FALSE) -> MULE
C95: BERRIES | D95: {=_xlfn.TEXTSPLIT(C95,";")} -> BERRIES | J95: ALE | K95: =VLOOKUP(J95,VARIANT!B:C,2,FALSE) -> ALE
C96: POMEGRANATE | D96: {=_xlfn.TEXTSPLIT(C96,";")} -> POMEGRANATE | J96: AURORA | K96: =VLOOKUP(J96,VARIANT!B:C,2,FALSE) -> AURORA
C97: MANGO;PEACH | D97: {=_xlfn.TEXTSPLIT(C97,";")} -> MANGO | E97: PEACH | J97: MEMENTO | K97: =VLOOKUP(J97,VARIANT!B:C,2,FALSE) -> MEMENTO
C98: KIWI;LIME | D98: {=_xlfn.TEXTSPLIT(C98,";")} -> KIWI | E98: LIME | J98: KRIEK | K98: =VLOOKUP(J98,VARIANT!B:C,2,FALSE) -> KRIEK
C99: LEMON;GINGER | D99: {=_xlfn.TEXTSPLIT(C99,";")} -> LEMON | E99: GINGER | J99: COCONUT | K99: =VLOOKUP(J99,VARIANT!B:C,2,FALSE) -> COCONUT;KOKOS
C100: MOJITO;STRAWBERRY | D100: {=_xlfn.TEXTSPLIT(C100,";")} -> MOJITO | E100: STRAWBERRY | J100: BASIL | K100: =VLOOKUP(J100,VARIANT!B:C,2,FALSE) -> BASIL
C101: APPLE;GRAPE | D101: {=_xlfn.TEXTSPLIT(C101,";")} -> APPLE | E101: GRAPE | J101: LEMONGRASS | K101: =VLOOKUP(J101,VARIANT!B:C,2,FALSE) -> LEMONGRASS
...

Sheet Sheet4
A1: 13 | PILSNER | | B1: 13 | C1: PILSNER | E1: 13 | F1: PILSNER
A2: 1818 | SAISON | | B2: 1818 | C2: SAISON | E2: 1818 | F2: SAISON
A3: 3_FONTEINEN | CUVEE_ARMAND_GASTON | | B3: 3_FONTEINEN | C3: CUVEE_ARMAND_GASTON | E3: 3_FONTEINEN | F3: CUVEE_ARMAND_GASTON
A4: 3_FONTEINEN | RED | | B4: 3_FONTEINEN | C4: RED | E4: 3_FONTEINEN | F4: RED
A5: 3_MONTS | AMBREE | | B5: 3_MONTS | C5: AMBREE | E5: 3_MONTS | F5: AMBREE
A6: 8_6 | CORE | | B6: 8_6 | C6: CORE | E6: 8_6 | F6: CORE
A8: AIRBORNE | BLOND | | B8: AIRBORNE | C8: BLOND | E8: AIRBORNE | F8: BLOND
A9: AMSTEL | BLOND | | B9: AMSTEL | C9: BLOND | E9: AMSTEL | F9: BLOND
A10: AMSTEL | PILSNER | ZERO | B10: AMSTEL | C10: PILSNER | D10: ZERO | E10: AMSTEL | F10: PILSNER | G10: ZERO
A11: AMSTEL | LEMON | | B11: AMSTEL | C11: LEMON | E11: AMSTEL | F11: LEMON
A12: AMSTEL | BOCK | | B12: AMSTEL | C12: BOCK | E12: AMSTEL | F12: BOCK
A13: AMSTEL | ROSE | | B13: AMSTEL | C13: ROSE | E13: AMSTEL | F13: ROSE
A14: ARDENNE | SAISON | | B14: ARDENNE | C14: SAISON | E14: ARDENNE | F14: SAISON
A15: BAPTIST | FARMHOUSE_ALE | SAISON | | B15: BAPTIST | C15: FARMHOUSE_ALE | D15: SAISON | | E15: BAPTIST | F15: FARMHOUSE_ALE | G15: SAISON |
A16: BARBE | DUBBEL | | B16: BARBE | C16: DUBBEL | E16: BARBE | F16: DUBBEL
A17: BARBE | XMAS | | B17: BARBE | C17: XMAS | E17: BARBE | F17: XMAS
A18: BAVIK | WHITE | | B18: BAVIK | C18: WHITE | E18: BAVIK | F18: WHITE
A19: BEER_GEN | ALTBIER > TRADITIONAL| ZERO | B19: BEER_GEN | C19: ALTBIER > TRADITIONAL| ZERO | E19: BEER_GEN | F19: ALTBIER > TRADITIONAL| ZERO
A20: BEER_GEN | BARLEYWINE > AMERICAN| ZERO | B20: BEER_GEN | C20: BARLEYWINE > AMERICAN| ZERO | E20: BEER_GEN | F20: BARLEYWINE > AMERICAN| ZERO
A21: BEER_GEN | BELGIAN_TRIPEL| ZERO | B21: BEER_GEN | C21: BELGIAN_TRIPEL| ZERO | E21: BEER_GEN | F21: BELGIAN_TRIPEL| ZERO
A22: BEER_GEN | FARO_LAMBIC | ZERO | B22: BEER_GEN | C22: FARO_LAMBIC | D22: ZERO | E22: BEER_GEN | F22: FARO_LAMBIC | G22: ZERO
A23: BEER_GEN | OUD_BRUIN | ZERO | B23: BEER_GEN | C23: OUD_BRUIN | D23: ZERO | E23: BEER_GEN | F23: OUD_BRUIN | G23: ZERO
A24: BEER_GEN | OUDE_GUEUZE | ZERO | B24: BEER_GEN | C24: OUDE_GUEUZE | D24: ZERO | E24: BEER_GEN | F24: OUDE_GUEUZE | G24: ZERO
A25: BEER_GEN | SAISON;BEER_GEN | BLOOD_ORANGE | | ZERO | B25: #VALUE! | E25: #VALUE!
A26: BEER_GEN | SPIRIT_FLAVOURED_BEERS | ZERO | B26: BEER_GEN | C26: SPIRIT_FLAVOURED_BEERS | D26: ZERO | E26: BEER_GEN | F26: SPIRIT_FLAVOURED_BEERS | G26: ZERO
A27: BELGIAN | 8 | | B27: BELGIAN | C27: 8 | E27: BELGIAN | F27: 8
A28: BESTIALE | BLOND | LIGHT | B28: BESTIALE | C28: BLOND | D28: LIGHT | E28: BESTIALE | F28: BLOND | G28: LIGHT
A29: BINCHOISE | XMAS | | B29: BINCHOISE | C29: XMAS | E29: BINCHOISE | F29: XMAS
A30: BLAUW | BLUE | | B30: BLAUW | C30: BLUE | E30: BLAUW | F30: BLUE
A31: BLOEMEKEI | TRIPEL | | B31: BLOEMEKEI | C31: TRIPEL | E31: BLOEMEKEI | F31: TRIPEL
A32: BOGAERDENL | TRIPEL | | B32: BOGAERDENL | C32: TRIPEL | E32: BOGAERDENL | F32: TRIPEL
A33: BOUDELO | BLOND | | B33: BOUDELO | C33: BLOND | E33: BOUDELO | F33: BLOND
A34: BRAND | PILSNER | | B34: BRAND | C34: PILSNER | E34: BRAND | F34: PILSNER
A35: BROGNE | TRIPEL | | B35: BROGNE | C35: TRIPEL | E35: BROGNE | F35: TRIPEL
A36: BROGNE | XMAS | | B36: BROGNE | C36: XMAS | E36: BROGNE | F36: XMAS
A37: BROUWERIJ__T_IJ | CORE | | B37: BROUWERIJ__T_IJ | C37: CORE | E37: BROUWERIJ__T_IJ | F37: CORE
A38: BROUWERIJ_T_IJ | SESSION | | B38: BROUWERIJ_T_IJ | C38: SESSION | E38: BROUWERIJ_T_IJ | F38: SESSION
A39: BUFFALO_BITTER | BITTER | | B39: BUFFALO_BITTER | C39: BITTER | E39: BUFFALO_BITTER | F39: BITTER
A40: BUSH | AMBER | | B40: BUSH | C40: AMBER | E40: BUSH | F40: AMBER
... A50: CAULIER | IPA | | B50: CAULIER | C50: IPA | E50: CAULIER | F50: IPA
A51: CAZEAU | FARMHOUSE_ALE | SAISON | | B51: CAZEAU | C51: FARMHOUSE_ALE | D51: SAISON | | E51: CAZEAU | F51: FARMHOUSE_ALE | G51: SAISON |
A52: CAZEAU | SOUR | | B52: CAZEAU | C52: SOUR | E52: CAZEAU | F52: SOUR
A53: CHTI | AMBER | | B53: CHTI | C53: AMBER | E53: CHTI | F53: AMBER
A54: CHERIE_BIERE_BLANCHE | AGRUMES | | B54: CHERIE_BIERE_BLANCHE | C54: AGRUMES | E54: CHERIE_BIERE_BLANCHE | F54: AGRUMES
A55: CHERIE_BIERE_BLANCHE | CHERRY | | B55: CHERIE_BIERE_BLANCHE | C55: CHERRY | E55: CHERIE_BIERE_BLANCHE | F55: CHERRY
A56: CHERIE_BIERE_BLANCHE | PASSIONFRUIT | | B56: CHERIE_BIERE_BLANCHE | C56: PASSIONFRUIT | E56: CHERIE_BIERE_BLANCHE | F56: PASSIONFRUIT
A57: CHERIE_BIERE_BLANCHE | PEACH | | B57: CHERIE_BIERE_BLANCHE | C57: PEACH | E57: CHERIE_BIERE_BLANCHE | F57: PEACH
A58: CHERIE_BIERE_BLANCHE | POMEGRANATE | | B58: CHERIE_BIERE_BLANCHE | C58: POMEGRANATE | E58: CHERIE_BIERE_BLANCHE | F58: POMEGRANATE
A59: CHERIE_BIERE_BLANCHE | RASPBERRY | | B59: CHERIE_BIERE_BLANCHE | C59: RASPBERRY | E59: CHERIE_BIERE_BLANCHE | F59: RASPBERRY
A60: CHEVAL_GODET | BLOND | | B60: CHEVAL_GODET | C60: BLOND | E60: CHEVAL_GODET | F60: BLOND
A61: CIRCUS | FARMHOUSE_ALE | SAISON | | B61: CIRCUS | C61: FARMHOUSE_ALE | D61: SAISON | | E61: CIRCUS | F61: FARMHOUSE_ALE | G61: SAISON |
A62: CIUCAS | CORE | | B62: CIUCAS | C62: CORE | E62: CIUCAS | F62: CORE
A63: CIUCAS | CORE | | B63: CIUCAS | C63: CORE | E63: CIUCAS | F63: CORE
A64: CLAUDETTE | BLOND | | B64: CLAUDETTE | C64: BLOND | E64: CLAUDETTE | F64: BLOND
A65: CNUDDE | BROWN | | B65: CNUDDE | C65: BROWN | E65: CNUDDE | F65: BROWN
A66: CNUDDE | CORE | | B66: CNUDDE | C66: CORE | E66: CNUDDE | F66: CORE
A67: CORONA | LIGHT | | B67: CORONA | C67: LIGHT | E67: CORONA | F67: LIGHT
A68: CORSENDONK | CHERRY| | B68: CORSENDONK | C68: CHERRY| | E68: CORSENDONK | F68: CHERRY|
A69: CUM_LAUDE | IPA | ZERO | B69: CUM_LAUDE | C69: IPA | D69: ZERO | E69: CUM_LAUDE | F69: IPA | G69: ZERO
A70: CUVEE_VAN_DE_KEIZER | DUBBEL | | B70: CUVEE_VAN_DE_KEIZER | C70: DUBBEL | E70: CUVEE_VAN_DE_KEIZER | F70: DUBBEL
A71: CUVEE_VAN_DE_KEIZER | WHISKEY_INFUSED | | B71: CUVEE_VAN_DE_KEIZER | C71: WHISKEY_INFUSED | E71: CUVEE_VAN_DE_KEIZER | F71: WHISKEY_INFUSED
A72: DE_KOM | BLOND | | B72: DE_KOM | C72: BLOND | E72: DE_KOM | F72: BLOND
A73: DE_KONINCK | AMBER | | B73: DE_KONINCK | C73: AMBER | E73: DE_KONINCK | F73: AMBER
A74: DE_LA_LESSE | DUBBEL | | B74: DE_LA_LESSE | C74: DUBBEL | E74: DE_LA_LESSE | F74: DUBBEL
A75: DE_LA_LESSE | TRIPEL | | B75: DE_LA_LESSE | C75: TRIPEL | E75: DE_LA_LESSE | F75: TRIPEL
A76: DE_POES | EXPORT | | B76: DE_POES | C76: EXPORT | E76: DE_POES | F76: EXPORT
A77: DE_POES | STOUT | | B77: DE_POES | C77: STOUT | E77: DE_POES | F77: STOUT
A78: DE_TROCH | APRICOT | | B78: DE_TROCH | C78: APRICOT | E78: DE_TROCH | F78: APRICOT
A79: DE_TROCH | STRAWBERRY | | B79: DE_TROCH | C79: STRAWBERRY | E79: DE_TROCH | F79: STRAWBERRY
A80: DEBOWE | CORE | | B80: DEBOWE | C80: CORE | E80: DEBOWE | F80: CORE
A81: DELIRIUM | SOUR | | B81: DELIRIUM | C81: SOUR | E81: DELIRIUM | F81: SOUR
... A88: DJU | IPA | | B88: DJU | C88: IPA | E88: DJU | F88: IPA
A89: DOMINICAINS| TRIPEL | | B89: DOMINICAINS| TRIPEL | E89: DOMINICAINS| TRIPEL
A90: DU_CORBEAU | RED | | B90: DU_CORBEAU | C90: RED | E90: DU_CORBEAU | F90: RED
A91: DU_CORBEAU | BLOND| | B91: DU_CORBEAU | C91: BLOND| | E91: DU_CORBEAU | F91: BLOND|
A92: DU_CORSAIRE | CUVEE | | B92: DU_CORSAIRE | C92: CUVEE | E92: DU_CORSAIRE | F92: CUVEE
A93: DU_PAYS_NOIR | BROWN | | B93: DU_PAYS_NOIR | C93: BROWN | E93: DU_PAYS_NOIR | F93: BROWN
A94: DU_PAYS_NOIR | BLOND | | B94: DU_PAYS_NOIR | C94: BLOND | E94: DU_PAYS_NOIR | F94: BLOND
A95: DUVEL | IPA | | B95: DUVEL | C95: IPA | E95: DUVEL | F95: IPA
A96: EILANDJE | CORE | | B96: EILANDJE | C96: CORE | E96: EILANDJE | F96: CORE
A97: EMBUSCADE | FRUIT | | B97: EMBUSCADE | C97: FRUIT | E97: EMBUSCADE | F97: FRUIT
A98: ENERGIBAJER | LEMON | ZERO | B98: ENERGIBAJER | C98: LEMON | D98: ZERO | E98: ENERGIBAJER | F98: LEMON | G98: ZERO
A99: ENFANT_TERRIPLE | QUADRUPEL | | B99: ENFANT_TERRIPLE | C99: QUADRUPEL | E99: ENFANT_TERRIPLE | F99: QUADRUPEL
A100: ENTRE_NOUS | 6 | | B100: ENTRE_NOUS | C100: 6 | E100: ENTRE_NOUS | F100: 6
A101: ENTRE_NOUS | 7 | | B101: ENTRE_NOUS | C101: 7 | E101: ENTRE_NOUS | F101: 7
A102: ESTAMINET | TRIPEL | | B102: ESTAMINET | C102: TRIPEL | E102: ESTAMINET | F102: TRIPEL
A103: EVOYE! | IPA | | B103: EVOYE! | C103: IPA | E103: EVOYE! | F103: IPA
A104: EVOYE! | TRIPEL | | B104: EVOYE! | C104: TRIPEL | E104: EVOYE! | F104: TRIPEL
A105: EXCELSIOR | PILSNER | | B105: EXCELSIOR | C105: PILSNER | E105: EXCELSIOR | F105: PILSNER
A106: FAGNES | GOLD | | B106: FAGNES | C106: GOLD | E106: FAGNES | F106: GOLD
A107: FARMHOUSE_ALE | SAISON_&_LAMBIC | FARMHOUSE_ALE | SAISON | | B107: #VALUE! | E107: #VALUE!
A108: FLAQUE | IPA | | B108: FLAQUE | C108: IPA | E108: FLAQUE | F108: IPA
A109: FLAQUE | RASPBERRY | | B109: FLAQUE | C109: RASPBERRY | E109: FLAQUE | F109: RASPBERRY
A110: RISE_SHINE | CORE | | B110: RISE_SHINE | C110: CORE | E110: RISE_SHINE | F110: CORE
A111: FLEUR_DU_SOLEIL | SUN | | B111: FLEUR_DU_SOLEIL | C111: SUN | E111: FLEUR_DU_SOLEIL | F111: SUN
A112: FLO | BLOND | | B112: FLO | C112: BLOND | E112: FLO | F112: BLOND
A113: FLO | CORE | | B113: FLO | C113: CORE | E113: FLO | F113: CORE
A114: FLO | RED | | B114: FLO | C114: RED | E114: FLO | F114: RED
A115: FLO | TRIPEL_HOP | | B115: FLO | C115: TRIPEL_HOP | E115: FLO | F115: TRIPEL_HOP
A116: FLOREFFE | MELIOR | | B116: FLOREFFE | C116: MELIOR | E116: FLOREFFE | F116: MELIOR
...

Sheet Sheet5
A1: BEER_GEN | B1: BEER_GEN | G1: ALTBIER > STICKE | H1: {=_xlfn.TEXTSPLIT(G1,";")} -> ALTBIER > STICKE | M1: ALTBIER > STICKE
A2: VLETEREN | B2: VLETEREN | G2: ALTBIER > TRADITIONAL | H2: {=_xlfn.TEXTSPLIT(G2,";")} -> ALTBIER > TRADITIONAL | M2: ALTBIER > TRADITIONAL | O2: CORE
A3: CLASH_OF_THE_TITANS | B3: CLASH_OF_THE_TITANS | G3: ALTBIER > TRADITIONAL| ZERO | H3: {=_xlfn.TEXTSPLIT(G3,";")} -> ALTBIER > TRADITIONAL| ZERO | M3: ALTBIER > TRADITIONAL| ZERO | O3: 10
A4: SHANDY_BEER_SPRITE | B4: SHANDY_BEER_SPRITE | G4: CORE | H4: {=_xlfn.TEXTSPLIT(G4,";")} -> CORE | M4: CORE | O4: HOP
A5: SPAVELA | B5: SPAVELA | G5: AUSTRALIAN_SPARKLING_ALE | H5: {=_xlfn.TEXTSPLIT(G5,";")} -> AUSTRALIAN_SPARKLING_ALE | M5: AUSTRALIAN_SPARKLING_ALE | O5: BROWN
A6: TANGO | B6: TANGO | G6: GRAND | H6: {=_xlfn.TEXTSPLIT(G6,";")} -> GRAND | M6: GRAND | O6: BOVENGRONDS
A7: ATRIUM | B7: ATRIUM | G7: RESERVA | H7: {=_xlfn.TEXTSPLIT(G7,";")} -> RESERVA | M7: RESERVA | O7: 4
A8: AVOUERIE_D_ANTI | B8: AVOUERIE_D_ANTI | G8: BARLEYWINE > AMERICAN | H8: {=_xlfn.TEXTSPLIT(G8,";")} -> BARLEYWINE > AMERICAN | M8: BARLEYWINE > AMERICAN | O8: BLOND
A9: BATTELIEK | B9: BATTELIEK | G9: BARLEYWINE > AMERICAN| ZERO | H9: {=_xlfn.TEXTSPLIT(G9,";")} -> BARLEYWINE > AMERICAN| ZERO | M9: BARLEYWINE > AMERICAN| ZERO | O9: LUX
A10: BEERSTORMING | B10: BEERSTORMING | G10: BARLEYWINE > ENGLISH | H10: {=_xlfn.TEXTSPLIT(G10,";")} -> BARLEYWINE > ENGLISH | M10: BARLEYWINE > ENGLISH | O10: DUBBEL
A11: CANNAHOPPER | B11: CANNAHOPPER | G11: BARLEYWINE > OTHER | H11: {=_xlfn.TEXTSPLIT(G11,";")} -> BARLEYWINE > OTHER | M11: BARLEYWINE > OTHER
A12: CHTI | B12: CHTI | G12: BEER_SODA_MIX | H12: {=_xlfn.TEXTSPLIT(G12,";")} -> BEER_SODA_MIX | M12: BEER_SODA_MIX | O12: DARK
A13: CURCU | B13: CURCU | G13: CORE;GRENADINE | H13: {=_xlfn.TEXTSPLIT(G13,";")} -> CORE | I13: GRENADINE | M13: INFUSED | O13: NOX
A14: DAME_JEANNE | B14: DAME_JEANNE | G14: INFUSED | H14: {=_xlfn.TEXTSPLIT(G14,";")} -> INFUSED | M14: BAOBAB | O14: PATERSBIER
A15: DODOENS | B15: DODOENS | G15: BAOBAB | H15: {=_xlfn.TEXTSPLIT(G15,";")} -> BAOBAB | M15: BEERS_OTHER | O15: BLUE
A16: FREE_BREW | B16: FREE_BREW | G16: BEERS_OTHER;CORE | H16: {=_xlfn.TEXTSPLIT(G16,";")} -> BEERS_OTHER | I16: CORE | M16: PINK | O16: QUADRUPEL
A17: GLEZIA | B17: GLEZIA | G17: PINK | H17: {=_xlfn.TEXTSPLIT(G17,";")} -> PINK | M17: GARDE | O17: RED
A18: GRANDGOUSIER | B18: GRANDGOUSIER | G18: GARDE | H18: {=_xlfn.TEXTSPLIT(G18,";")} -> GARDE | M18: GINGER | O18: GREEN
A19: HOF_TEN_DORMAAL | B19: HOF_TEN_DORMAAL | G19: GINGER | H19: {=_xlfn.TEXTSPLIT(G19,";")} -> GINGER | M19: DAD | O19: GOLD
A20: KOT_MADAM | B20: KOT_MADAM | G20: DAD | H20: {=_xlfn.TEXTSPLIT(G20,";")} -> DAD | M20: WINTER | O20: TRIPEL
A21: L_ADOREE | B21: L_ADOREE | G21: WINTER | H21: {=_xlfn.TEXTSPLIT(G21,";")} -> WINTER | M21: TRIPEL | O21: CHAMPAGNE
A22: LA_BELLE_DES_VIGNES | B22: LA_BELLE_DES_VIGNES | G22: TRIPEL | H22: {=_xlfn.TEXTSPLIT(G22,";")} -> TRIPEL | M22: STOUT | O22: MAIBOCK
A23: LA_CHINETTE | B23: LA_CHINETTE | G23: STOUT | H23: {=_xlfn.TEXTSPLIT(G23,";")} -> STOUT | M23: GUEUZE | O23: COLA
A24: LA_CLE_DU_BONHEUR | B24: LA_CLE_DU_BONHEUR | G24: GUEUZE | H24: {=_xlfn.TEXTSPLIT(G24,";")} -> GUEUZE | M24: BEERS_SPECIAL | O24: FRUIT
A25: LA_ROY_D_ESPAGNE | B25: LA_ROY_D_ESPAGNE | G25: BEERS_SPECIAL | H25: {=_xlfn.TEXTSPLIT(G25,";")} -> BEERS_SPECIAL | M25: CRAFT | O25: RUBY
A26: LA_WATERLOOTOISE | B26: LA_WATERLOOTOISE | G26: CRAFT;CORE | H26: {=_xlfn.TEXTSPLIT(G26,";")} -> CRAFT | I26: CORE | M26: BLOND | O26: CHERRY
A27: LUVANIUM | B27: LUVANIUM | G27: BLOND;CORE | H27: {=_xlfn.TEXTSPLIT(G27,";")} -> BLOND | I27: CORE | M27: SUMMER | O27: BERRY
A28: MAREDRET | B28: MAREDRET | G28: SUMMER | H28: {=_xlfn.TEXTSPLIT(G28,";")} -> SUMMER | M28: VISTA | O28: LIME
A29: SUPERMALT | B29: SUPERMALT | G29: VISTA | H29: {=_xlfn.TEXTSPLIT(G29,";")} -> VISTA | M29: HOP | O29: ORIGINAL
A30: TIMMERMANS | B30: TIMMERMANS | G30: HOP;CORE | H30: {=_xlfn.TEXTSPLIT(G30,";")} -> HOP | I30: CORE | M30: NATURE | O30: POMEGRANATE
A31: TORNADO | B31: TORNADO | G31: NATURE | H31: {=_xlfn.TEXTSPLIT(G31,";")} -> NATURE | M31: PRIOR | O31: PILSNER
A32: UNWRAPP | B32: UNWRAPP | G32: PRIOR | H32: {=_xlfn.TEXTSPLIT(G32,";")} -> PRIOR | M32: DUBBEL | O32: GINSENG
A33: VERY_CHIC | B33: VERY_CHIC | G33: BLOND | H33: {=_xlfn.TEXTSPLIT(G33,";")} -> BLOND | M33: SINGLE | O33: BITTER
A34: VICARIS | B34: VICARIS | G34: BLOND;YUZU;CORE | H34: {=_xlfn.TEXTSPLIT(G34,";")} -> BLOND | I34: YUZU | J34: CORE | M34: DARK | O34: GINGER
A35: ABATTOIR_VIANE | B35: ABATTOIR_VIANE | G35: DUBBEL | H35: {=_xlfn.TEXTSPLIT(G35,";")} -> DUBBEL | M35: QUADRUPEL | O35: TROPICAL
A36: BELMONDO | B36: BELMONDO | G36: SINGLE | H36: {=_xlfn.TEXTSPLIT(G36,";")} -> SINGLE | M36: GALLANT | O36: AMBER
A37: CERCUEIL | B37: CERCUEIL | G37: DARK | H37: {=_xlfn.TEXTSPLIT(G37,";")} -> DARK | O37: SODA
A38: CLAUDETTE | B38: CLAUDETTE | G38: QUADRUPEL | H38: {=_xlfn.TEXTSPLIT(G38,";")} -> QUADRUPEL | M38: WIJZE | O38: STILL
A39: DE_KOM | B39: DE_KOM | G39: DARK;MEMENTO | H39: {=_xlfn.TEXTSPLIT(G39,";")} -> DARK | I39: MEMENTO | M39: AMBER | O39: LEMON
A40: DE_LOGT | B40: DE_LOGT | G40: GALLANT;GRAND_CRU | H40: {=_xlfn.TEXTSPLIT(G40,";")} -> GALLANT | I40: GRAND_CRU | M40: CANTOR | O40: BITTER_LEMON
A41: DUST | B41: DUST | G41: GALLANT | H41: {=_xlfn.TEXTSPLIT(G41,";")} -> GALLANT | M41: MOSCATEL | O41: INDIAN
A42: LAZY_PANDA | B42: LAZY_PANDA | M42: LIBERTE | O42: REGULAR
A43: LEFFE | B43: LEFFE | G43: WIJZE | H43: {=_xlfn.TEXTSPLIT(G43,";")} -> WIJZE | M43: LOI | O43: XMAS
A44: LUPULUS | B44: LUPULUS | G44: BLOND;AURORA | H44: {=_xlfn.TEXTSPLIT(G44,";")} -> BLOND | I44: AURORA | M44: ROI | O44: OPUS
A45: MAEGHT_VAN_GOTTEM | B45: MAEGHT_VAN_GOTTEM | G45: AMBER | H45: {=_xlfn.TEXTSPLIT(G45,";")} -> AMBER | M45: AMBREE | O45: PRESTIGE
A46: QUINTINE | B46: QUINTINE | G46: HOP | H46: {=_xlfn.TEXTSPLIT(G46,";")} -> HOP | M46: ORIGINAL | O46: CUVEE
A47: SANCTUS_DOMINICUS_PRIOR | B47: SANCTUS_DOMINICUS_PRIOR | G47: CANTOR | H47: {=_xlfn.TEXTSPLIT(G47,";")} -> CANTOR | M47: JUBILEUM | O47: OUD_BRUIN
A48: SLAAPMUTSKE | B48: SLAAPMUTSKE | G48: MOSCATEL | H48: {=_xlfn.TEXTSPLIT(G48,";")} -> MOSCATEL | M48: GOLD
A49: TORENTRAPPER | B49: TORENTRAPPER | G49: LIBERTE | H49: {=_xlfn.TEXTSPLIT(G49,";")} -> LIBERTE | M49: BRUT
A50: UIJIN | B50: UIJIN | G50: LOI | H50: {=_xlfn.TEXTSPLIT(G50,";")} -> LOI | M50: PRESTIGE
A51: WISPE | B51: WISPE | G51: ROI | H51: {=_xlfn.TEXTSPLIT(G51,";")} -> ROI | M51: BEE_GEES
A52: STEENBRUGGE | B52: STEENBRUGGE | G52: AMBREE | H52: {=_xlfn.TEXTSPLIT(G52,";")} -> AMBREE | M52: SPIRIT
A53: WILDEMAN | B53: WILDEMAN | G53: ORIGINAL;CORE | H53: {=_xlfn.TEXTSPLIT(G53,";")} -> ORIGINAL | I53: CORE | M53: MAISON
A54: ACHEL | B54: ACHEL | G54: JUBILEUM | H54: {=_xlfn.TEXTSPLIT(G54,";")} -> JUBILEUM | M54: HUGUES
A55: KATHEDRAAL | B55: KATHEDRAAL | G55: GOLD | H55: {=_xlfn.TEXTSPLIT(G55,";")} -> GOLD | M55: SERGE
A56: NE_POEFER | B56: NE_POEFER | G56: CORE;BLOND | H56: {=_xlfn.TEXTSPLIT(G56,";")} -> CORE | I56: BLOND | M56: FESTIVE
A57: PATRASCHE | B57: PATRASCHE | G57: BRUT | H57: {=_xlfn.TEXTSPLIT(G57,";")} -> BRUT | M57: HONEY
A58: WOLF_8 | B58: WOLF_8 | G58: CORE;TRINQUE | H58: {=_xlfn.TEXTSPLIT(G58,";")} -> CORE | I58: TRINQUE | M58: BARON
A59: ARABIER | B59: ARABIER | G59: AMBER;CORE | H59: {=_xlfn.TEXTSPLIT(G59,";")} -> AMBER | I59: CORE | M59: BELGIAN_BLONDE
A60: ARTEVELDE | B60: ARTEVELDE | G60: PRESTIGE | H60: {=_xlfn.TEXTSPLIT(G60,";")} -> PRESTIGE | M60: EVENTS
A61: CORSAIRE | B61: CORSAIRE | G61: BEE_GEES | H61: {=_xlfn.TEXTSPLIT(G61,";")} -> BEE_GEES | M61: KITAP
A62: NE_VEURVECHTER | B62: NE_VEURVECHTER | G62: SPIRIT | H62: {=_xlfn.TEXTSPLIT(G62,";")} -> SPIRIT | M62: RED
A63: NELLO_S | B63: NELLO_S | G63: MAISON | H63: {=_xlfn.TEXTSPLIT(G63,";")} -> MAISON | M63: MAGUS
A64: BLONDE_BRIES | B64: BLONDE_BRIES | G64: HUGUES | H64: {=_xlfn.TEXTSPLIT(G64,";")} -> HUGUES | M64: CADET
A65: HERKENRODE | B65: HERKENRODE | G65: SERGE | H65: {=_xlfn.TEXTSPLIT(G65,";")} -> SERGE | M65: LIGHT
A66: MODESTE | B66: MODESTE | G66: FESTIVE | H66: {=_xlfn.TEXTSPLIT(G66,";")} -> FESTIVE | M66: SEIZE
A67: MOESJKE_TRIPPLE | B67: MOESJKE_TRIPPLE | G67: HONEY | H67: {=_xlfn.TEXTSPLIT(G67,";")} -> HONEY | M67: EMERITE
A68: RONSISCHEN | B68: RONSISCHEN | G68: BARON | H68: {=_xlfn.TEXTSPLIT(G68,";")} -> BARON | M68: HERITAGE
A69: SCHUPPENBOER | B69: SCHUPPENBOER | G69: BELGIAN_BLONDE | H69: {=_xlfn.TEXTSPLIT(G69,";")} -> BELGIAN_BLONDE | M69: ARTISANAL
A70: STOFFOASJE | B70: STOFFOASJE | G70: EVENTS | H70: {=_xlfn.TEXTSPLIT(G70,";")} -> EVENTS | M70: AMUSE
A71: TETE_DE_MORT | B71: TETE_DE_MORT | G71: KITAP | H71: {=_xlfn.TEXTSPLIT(G71,";")} -> KITAP | M71: CARACTERE
... A83: ADRIAEN_BROUWER | B83: ADRIAEN_BROUWER | G83: ZEBREE | H83: {=_xlfn.TEXTSPLIT(G83,";")} -> ZEBREE | M83: BIO
A84: ADRIANUS | B84: ADRIANUS | G84: GREEN;150;10 | H84: {=_xlfn.TEXTSPLIT(G84,";")} -> GREEN | I84: 150 | J84: 10 | M84: BLOND|
A85: AFFLIGEM | B85: AFFLIGEM | G85: GOLD;LAGER | H85: {=_xlfn.TEXTSPLIT(G85,";")} -> GOLD | I85: LAGER | M85: CASHMERE
A86: AFZUIPER | B86: AFZUIPER | G86: LITE;LIGHT | H86: {=_xlfn.TEXTSPLIT(G86,";")} -> LITE | I86: LIGHT | M86: 666
A87: AIRBORNE | B87: AIRBORNE | G87: IPA | H87: {=_xlfn.TEXTSPLIT(G87,";")} -> IPA | M87: TRIPEL_HOP
A88: AL_BARAQUE | B88: AL_BARAQUE | G88: SUN | H88: {=_xlfn.TEXTSPLIT(G88,";")} -> SUN | M88: BARREL
A89: AMBACHTELIJK_BLOND_BIER | B89: AMBACHTELIJK_BLOND_BIER | G89: GOLDEN_BLOND;GOLD | H89: {=_xlfn.TEXTSPLIT(G89,";")} -> GOLDEN_BLOND | I89: GOLD | M89: BRASIL
A90: AMBRAS | B90: AMBRAS | G90: CUVEE | H90: {=_xlfn.TEXTSPLIT(G90,";")} -> CUVEE | M90: IRISH
A91: ANONYME | B91: ANONYME | G91: PAPA | H91: {=_xlfn.TEXTSPLIT(G91,";")} -> PAPA | M91: RUM
A92: ANOSTEKE | B92: ANOSTEKE | G92: BLUE | H92: {=_xlfn.TEXTSPLIT(G92,";")} -> BLUE | M92: CASQUETTE
A93: ARAMISS | B93: ARAMISS | G93: CRU;GRAND | H93: {=_xlfn.TEXTSPLIT(G93,";")} -> CRU | I93: GRAND | M93: TANTEKE
A94: ARCHIDUC | B94: ARCHIDUC | G94: BIO | H94: {=_xlfn.TEXTSPLIT(G94,";")} -> BIO | M94: YODELEIR
A95: ARDEN_44 | B95: ARDEN_44 | G95: BLOND| | H95: {=_xlfn.TEXTSPLIT(G95,";")} -> BLOND| | M95: PATER
A96: ARDENNE | B96: ARDENNE | G96: CASHMERE | H96: {=_xlfn.TEXTSPLIT(G96,";")} -> CASHMERE | M96: 6
A97: AREND | B97: AREND | G97: 666 | H97: {=_xlfn.TEXTSPLIT(G97,";")} -> 666 | M97: 7
A98: AROMATISEE_AU_GENIEVRE | B98: AROMATISEE_AU_GENIEVRE | G98: TRIPEL_HOP;TRIPEL;HOP;IPA | H98: {=_xlfn.TEXTSPLIT(G98,";")} -> TRIPEL_HOP | I98: TRIPEL | J98: HOP | K98: IPA | M98: GLA | P98: IPA
A99: ASNAISE | B99: ASNAISE | G99: BARREL | H99: {=_xlfn.TEXTSPLIT(G99,";")} -> BARREL | M99: OWL
A100: AUBEL | B100: AUBEL | G100: BRASIL | H100: {=_xlfn.TEXTSPLIT(G100,";")} -> BRASIL | M100: SABROSA
A101: AUGURE | B101: AUGURE | G101: IRISH | H101: {=_xlfn.TEXTSPLIT(G101,";")} -> IRISH | M101: CEPES
A102: AUGUSTIJN | B102: AUGUSTIJN | G102: RUM | H102: {=_xlfn.TEXTSPLIT(G102,";")} -> RUM | M102: ARTISANALE
A103: AULNE | B103: AULNE | G103: CASQUETTE | H103: {=_xlfn.TEXTSPLIT(G103,";")} -> CASQUETTE | M103: TOUT
A104: AUTHENTIQUE | B104: AUTHENTIQUE | G104: TANTEKE | H104: {=_xlfn.TEXTSPLIT(G104,";")} -> TANTEKE | M104: SPRING
A105: AVERBODE | B105: AVERBODE | G105: YODELEIR | H105: {=_xlfn.TEXTSPLIT(G105,";")} -> YODELEIR | M105: BEURRE
A106: BABELEIR | B106: BABELEIR | G106: PATER | H106: {=_xlfn.TEXTSPLIT(G106,";")} -> PATER | M106: AMBRIO
A107: BADJAWE | B107: BADJAWE | G107: 6 | H107: {=_xlfn.TEXTSPLIT(G107,";")} -> 6 | M107: SOYEUSE
A108: BAPTIST | B108: BAPTIST | G108: 7 | H108: {=_xlfn.TEXTSPLIT(G108,";")} -> 7 | M108: CISTER
A109: BAR_BELGE | B109: BAR_BELGE | G109: GLA | H109: {=_xlfn.TEXTSPLIT(G109,";")} -> GLA | M109: ABEILLE
A110: BARBAR | B110: BARBAR | G110: OWL | H110: {=_xlfn.TEXTSPLIT(G110,";")} -> OWL | M110: BADEN
A111: BARBE | B111: BARBE | G111: BLOND;LIGHT | H111: {=_xlfn.TEXTSPLIT(G111,";")} -> BLOND | I111: LIGHT | M111: BARDCORE
...
